uniprot_id	protein_variant	am_pathogenicity	am_class
Q07812	M1D	0.845	pathogenic
Q07812	M1E	0.6006	pathogenic
Q07812	M1H	0.6596	pathogenic
Q07812	M1N	0.6695	pathogenic
Q07812	M1P	0.6103	pathogenic
Q07812	D2C	0.7404	pathogenic
Q07812	D2F	0.707	pathogenic
Q07812	D2I	0.7293	pathogenic
Q07812	D2K	0.6512	pathogenic
Q07812	D2L	0.6416	pathogenic
Q07812	D2M	0.8312	pathogenic
Q07812	D2W	0.8586	pathogenic
Q07812	G3K	0.6765	pathogenic
Q07812	G3M	0.5827	pathogenic
Q07812	E6C	0.6478	pathogenic
Q07812	E6F	0.604	pathogenic
Q07812	E6M	0.5941	pathogenic
Q07812	E6W	0.7826	pathogenic
Q07812	G12K	0.5952	pathogenic
Q07812	T14W	0.6024	pathogenic
Q07812	S15E	0.6427	pathogenic
Q07812	S15F	0.7176	pathogenic
Q07812	S15K	0.8287	pathogenic
Q07812	S15Q	0.6231	pathogenic
Q07812	S15R	0.758	pathogenic
Q07812	S15W	0.7264	pathogenic
Q07812	S15Y	0.5953	pathogenic
Q07812	S16F	0.6722	pathogenic
Q07812	S16I	0.5651	pathogenic
Q07812	S16K	0.7846	pathogenic
Q07812	S16R	0.7196	pathogenic
Q07812	S16W	0.6366	pathogenic
Q07812	E17C	0.9567	pathogenic
Q07812	E17F	0.9541	pathogenic
Q07812	E17H	0.7435	pathogenic
Q07812	E17I	0.884	pathogenic
Q07812	E17K	0.6516	pathogenic
Q07812	E17L	0.7818	pathogenic
Q07812	E17M	0.9064	pathogenic
Q07812	E17N	0.6218	pathogenic
Q07812	E17P	0.7501	pathogenic
Q07812	E17R	0.61	pathogenic
Q07812	E17T	0.6351	pathogenic
Q07812	E17V	0.6995	pathogenic
Q07812	E17W	0.9706	pathogenic
Q07812	E17Y	0.8924	pathogenic
Q07812	Q18C	0.7443	pathogenic
Q07812	Q18F	0.7527	pathogenic
Q07812	Q18W	0.7428	pathogenic
Q07812	I19A	0.9837	pathogenic
Q07812	I19C	0.9972	pathogenic
Q07812	I19D	0.9977	pathogenic
Q07812	I19E	0.9914	pathogenic
Q07812	I19F	0.9626	pathogenic
Q07812	I19G	0.9964	pathogenic
Q07812	I19H	0.9976	pathogenic
Q07812	I19K	0.9935	pathogenic
Q07812	I19L	0.7379	pathogenic
Q07812	I19M	0.7894	pathogenic
Q07812	I19N	0.9898	pathogenic
Q07812	I19P	0.9949	pathogenic
Q07812	I19Q	0.993	pathogenic
Q07812	I19R	0.9897	pathogenic
Q07812	I19S	0.9935	pathogenic
Q07812	I19T	0.9919	pathogenic
Q07812	I19V	0.5837	pathogenic
Q07812	I19W	0.9964	pathogenic
Q07812	I19Y	0.9897	pathogenic
Q07812	M20A	0.9331	pathogenic
Q07812	M20C	0.8971	pathogenic
Q07812	M20D	0.9974	pathogenic
Q07812	M20E	0.9629	pathogenic
Q07812	M20F	0.854	pathogenic
Q07812	M20G	0.9619	pathogenic
Q07812	M20H	0.9827	pathogenic
Q07812	M20I	0.9155	pathogenic
Q07812	M20K	0.9112	pathogenic
Q07812	M20N	0.9816	pathogenic
Q07812	M20P	0.9952	pathogenic
Q07812	M20Q	0.7925	pathogenic
Q07812	M20R	0.8845	pathogenic
Q07812	M20S	0.9628	pathogenic
Q07812	M20T	0.9154	pathogenic
Q07812	M20W	0.9747	pathogenic
Q07812	M20Y	0.9658	pathogenic
Q07812	K21C	0.708	pathogenic
Q07812	K21D	0.6423	pathogenic
Q07812	K21F	0.884	pathogenic
Q07812	K21I	0.6331	pathogenic
Q07812	K21P	0.9705	pathogenic
Q07812	K21W	0.8267	pathogenic
Q07812	K21Y	0.7179	pathogenic
Q07812	T22C	0.8778	pathogenic
Q07812	T22D	0.8461	pathogenic
Q07812	T22E	0.6839	pathogenic
Q07812	T22F	0.9144	pathogenic
Q07812	T22G	0.764	pathogenic
Q07812	T22H	0.7943	pathogenic
Q07812	T22I	0.7179	pathogenic
Q07812	T22K	0.663	pathogenic
Q07812	T22N	0.6057	pathogenic
Q07812	T22P	0.9463	pathogenic
Q07812	T22R	0.6239	pathogenic
Q07812	T22S	0.5911	pathogenic
Q07812	T22W	0.9616	pathogenic
Q07812	T22Y	0.8969	pathogenic
Q07812	G23A	0.7352	pathogenic
Q07812	G23C	0.9898	pathogenic
Q07812	G23D	0.9991	pathogenic
Q07812	G23E	0.9991	pathogenic
Q07812	G23F	0.9991	pathogenic
Q07812	G23H	0.9997	pathogenic
Q07812	G23I	0.9981	pathogenic
Q07812	G23K	0.9996	pathogenic
Q07812	G23L	0.9967	pathogenic
Q07812	G23M	0.9985	pathogenic
Q07812	G23N	0.9994	pathogenic
Q07812	G23P	0.9998	pathogenic
Q07812	G23Q	0.9988	pathogenic
Q07812	G23R	0.9983	pathogenic
Q07812	G23S	0.953	pathogenic
Q07812	G23T	0.9833	pathogenic
Q07812	G23V	0.9914	pathogenic
Q07812	G23W	0.9994	pathogenic
Q07812	G23Y	0.9994	pathogenic
Q07812	A24D	0.685	pathogenic
Q07812	A24K	0.6512	pathogenic
Q07812	A24P	0.9803	pathogenic
Q07812	A24W	0.8129	pathogenic
Q07812	L25D	0.6401	pathogenic
Q07812	L25P	0.9232	pathogenic
Q07812	L26A	0.984	pathogenic
Q07812	L26C	0.9928	pathogenic
Q07812	L26D	0.9997	pathogenic
Q07812	L26E	0.9979	pathogenic
Q07812	L26F	0.9786	pathogenic
Q07812	L26G	0.9966	pathogenic
Q07812	L26H	0.9972	pathogenic
Q07812	L26I	0.7369	pathogenic
Q07812	L26K	0.9965	pathogenic
Q07812	L26M	0.8874	pathogenic
Q07812	L26N	0.9983	pathogenic
Q07812	L26P	0.9984	pathogenic
Q07812	L26Q	0.9945	pathogenic
Q07812	L26R	0.99	pathogenic
Q07812	L26S	0.9988	pathogenic
Q07812	L26T	0.9945	pathogenic
Q07812	L26V	0.809	pathogenic
Q07812	L26W	0.9959	pathogenic
Q07812	L26Y	0.9945	pathogenic
Q07812	L27A	0.9832	pathogenic
Q07812	L27C	0.984	pathogenic
Q07812	L27D	0.9996	pathogenic
Q07812	L27E	0.9972	pathogenic
Q07812	L27F	0.8995	pathogenic
Q07812	L27G	0.9914	pathogenic
Q07812	L27H	0.996	pathogenic
Q07812	L27I	0.7833	pathogenic
Q07812	L27K	0.9937	pathogenic
Q07812	L27M	0.7902	pathogenic
Q07812	L27N	0.9984	pathogenic
Q07812	L27P	0.9985	pathogenic
Q07812	L27Q	0.9908	pathogenic
Q07812	L27R	0.9824	pathogenic
Q07812	L27S	0.9981	pathogenic
Q07812	L27T	0.9929	pathogenic
Q07812	L27V	0.8489	pathogenic
Q07812	L27W	0.9825	pathogenic
Q07812	L27Y	0.9825	pathogenic
Q07812	Q28C	0.8035	pathogenic
Q07812	Q28D	0.826	pathogenic
Q07812	Q28F	0.8811	pathogenic
Q07812	Q28I	0.7805	pathogenic
Q07812	Q28M	0.6248	pathogenic
Q07812	Q28N	0.6443	pathogenic
Q07812	Q28P	0.9214	pathogenic
Q07812	Q28V	0.5886	pathogenic
Q07812	Q28W	0.8009	pathogenic
Q07812	Q28Y	0.7324	pathogenic
Q07812	G29D	0.6119	pathogenic
Q07812	G29E	0.6091	pathogenic
Q07812	G29F	0.8625	pathogenic
Q07812	G29H	0.6951	pathogenic
Q07812	G29I	0.7497	pathogenic
Q07812	G29K	0.8527	pathogenic
Q07812	G29L	0.7538	pathogenic
Q07812	G29M	0.79	pathogenic
Q07812	G29P	0.9967	pathogenic
Q07812	G29Q	0.6126	pathogenic
Q07812	G29R	0.7453	pathogenic
Q07812	G29W	0.8319	pathogenic
Q07812	G29Y	0.7114	pathogenic
Q07812	F30A	0.9985	pathogenic
Q07812	F30C	0.9964	pathogenic
Q07812	F30D	0.999	pathogenic
Q07812	F30E	0.9988	pathogenic
Q07812	F30G	0.9987	pathogenic
Q07812	F30H	0.9922	pathogenic
Q07812	F30I	0.9879	pathogenic
Q07812	F30K	0.9992	pathogenic
Q07812	F30L	0.9989	pathogenic
Q07812	F30M	0.9924	pathogenic
Q07812	F30N	0.9982	pathogenic
Q07812	F30P	1.0	pathogenic
Q07812	F30Q	0.9982	pathogenic
Q07812	F30R	0.9968	pathogenic
Q07812	F30S	0.9988	pathogenic
Q07812	F30T	0.9989	pathogenic
Q07812	F30V	0.9853	pathogenic
Q07812	F30W	0.9166	pathogenic
Q07812	F30Y	0.6684	pathogenic
Q07812	I31A	0.9886	pathogenic
Q07812	I31C	0.9837	pathogenic
Q07812	I31D	0.9996	pathogenic
Q07812	I31E	0.9982	pathogenic
Q07812	I31F	0.8701	pathogenic
Q07812	I31G	0.9975	pathogenic
Q07812	I31H	0.9979	pathogenic
Q07812	I31K	0.9971	pathogenic
Q07812	I31M	0.7367	pathogenic
Q07812	I31N	0.9973	pathogenic
Q07812	I31P	0.9952	pathogenic
Q07812	I31Q	0.9942	pathogenic
Q07812	I31R	0.9915	pathogenic
Q07812	I31S	0.9909	pathogenic
Q07812	I31T	0.9919	pathogenic
Q07812	I31W	0.9929	pathogenic
Q07812	I31Y	0.989	pathogenic
Q07812	Q32F	0.5885	pathogenic
Q07812	Q32P	0.8905	pathogenic
Q07812	D33A	0.6877	pathogenic
Q07812	D33C	0.9482	pathogenic
Q07812	D33F	0.8791	pathogenic
Q07812	D33G	0.6109	pathogenic
Q07812	D33H	0.7186	pathogenic
Q07812	D33I	0.9418	pathogenic
Q07812	D33K	0.9237	pathogenic
Q07812	D33L	0.9001	pathogenic
Q07812	D33M	0.9592	pathogenic
Q07812	D33P	0.9876	pathogenic
Q07812	D33Q	0.7566	pathogenic
Q07812	D33R	0.9065	pathogenic
Q07812	D33S	0.5704	pathogenic
Q07812	D33T	0.8235	pathogenic
Q07812	D33V	0.8253	pathogenic
Q07812	D33W	0.9622	pathogenic
Q07812	D33Y	0.6049	pathogenic
Q07812	R34A	0.9565	pathogenic
Q07812	R34C	0.8687	pathogenic
Q07812	R34D	0.9792	pathogenic
Q07812	R34E	0.8409	pathogenic
Q07812	R34F	0.9897	pathogenic
Q07812	R34G	0.928	pathogenic
Q07812	R34H	0.7311	pathogenic
Q07812	R34I	0.9563	pathogenic
Q07812	R34K	0.5954	pathogenic
Q07812	R34L	0.9316	pathogenic
Q07812	R34M	0.9755	pathogenic
Q07812	R34N	0.977	pathogenic
Q07812	R34P	0.9883	pathogenic
Q07812	R34S	0.9748	pathogenic
Q07812	R34T	0.9476	pathogenic
Q07812	R34V	0.9465	pathogenic
Q07812	R34W	0.9122	pathogenic
Q07812	R34Y	0.9683	pathogenic
Q07812	A35D	0.8179	pathogenic
Q07812	A35E	0.6553	pathogenic
Q07812	A35H	0.6497	pathogenic
Q07812	A35K	0.7721	pathogenic
Q07812	A35N	0.6478	pathogenic
Q07812	A35P	0.851	pathogenic
Q07812	A35R	0.6192	pathogenic
Q07812	A35W	0.7564	pathogenic
Q07812	A35Y	0.619	pathogenic
Q07812	G36P	0.6427	pathogenic
Q07812	E44W	0.5697	pathogenic
Q07812	D53C	0.5944	pathogenic
Q07812	D53F	0.7769	pathogenic
Q07812	D53I	0.5787	pathogenic
Q07812	D53K	0.6572	pathogenic
Q07812	D53M	0.6902	pathogenic
Q07812	D53R	0.6449	pathogenic
Q07812	D53W	0.911	pathogenic
Q07812	T56D	0.757	pathogenic
Q07812	T56E	0.5846	pathogenic
Q07812	T56W	0.7216	pathogenic
Q07812	K57C	0.6944	pathogenic
Q07812	K57D	0.8675	pathogenic
Q07812	K57F	0.9092	pathogenic
Q07812	K57I	0.5669	pathogenic
Q07812	K57N	0.7997	pathogenic
Q07812	K57P	0.9252	pathogenic
Q07812	K57S	0.6472	pathogenic
Q07812	K57W	0.8016	pathogenic
Q07812	K57Y	0.8178	pathogenic
Q07812	K58C	0.615	pathogenic
Q07812	K58D	0.6745	pathogenic
Q07812	K58F	0.8495	pathogenic
Q07812	K58P	0.811	pathogenic
Q07812	K58W	0.7513	pathogenic
Q07812	K58Y	0.6877	pathogenic
Q07812	L59A	0.9505	pathogenic
Q07812	L59C	0.9796	pathogenic
Q07812	L59D	0.9982	pathogenic
Q07812	L59E	0.9932	pathogenic
Q07812	L59F	0.952	pathogenic
Q07812	L59G	0.9898	pathogenic
Q07812	L59H	0.9894	pathogenic
Q07812	L59I	0.5645	pathogenic
Q07812	L59K	0.985	pathogenic
Q07812	L59M	0.7039	pathogenic
Q07812	L59N	0.9893	pathogenic
Q07812	L59P	0.9945	pathogenic
Q07812	L59Q	0.9802	pathogenic
Q07812	L59R	0.966	pathogenic
Q07812	L59S	0.9944	pathogenic
Q07812	L59T	0.9679	pathogenic
Q07812	L59W	0.9828	pathogenic
Q07812	L59Y	0.9753	pathogenic
Q07812	S60D	0.8667	pathogenic
Q07812	S60E	0.7759	pathogenic
Q07812	S60H	0.5666	pathogenic
Q07812	S60K	0.8586	pathogenic
Q07812	S60P	0.9532	pathogenic
Q07812	S60Q	0.5966	pathogenic
Q07812	S60R	0.7661	pathogenic
Q07812	E61C	0.7614	pathogenic
Q07812	E61F	0.712	pathogenic
Q07812	E61P	0.9685	pathogenic
Q07812	E61W	0.8844	pathogenic
Q07812	E61Y	0.592	pathogenic
Q07812	C62A	0.826	pathogenic
Q07812	C62D	0.9875	pathogenic
Q07812	C62E	0.9908	pathogenic
Q07812	C62F	0.899	pathogenic
Q07812	C62G	0.775	pathogenic
Q07812	C62H	0.9671	pathogenic
Q07812	C62I	0.9262	pathogenic
Q07812	C62K	0.9925	pathogenic
Q07812	C62L	0.9341	pathogenic
Q07812	C62M	0.9223	pathogenic
Q07812	C62N	0.9282	pathogenic
Q07812	C62P	0.9991	pathogenic
Q07812	C62Q	0.9629	pathogenic
Q07812	C62R	0.971	pathogenic
Q07812	C62S	0.8552	pathogenic
Q07812	C62T	0.8012	pathogenic
Q07812	C62V	0.8021	pathogenic
Q07812	C62W	0.9815	pathogenic
Q07812	C62Y	0.9408	pathogenic
Q07812	L63A	0.9946	pathogenic
Q07812	L63C	0.9903	pathogenic
Q07812	L63D	0.9999	pathogenic
Q07812	L63E	0.9993	pathogenic
Q07812	L63F	0.9586	pathogenic
Q07812	L63G	0.9989	pathogenic
Q07812	L63H	0.9987	pathogenic
Q07812	L63I	0.8126	pathogenic
Q07812	L63K	0.9985	pathogenic
Q07812	L63M	0.7259	pathogenic
Q07812	L63N	0.9995	pathogenic
Q07812	L63P	0.9995	pathogenic
Q07812	L63Q	0.9964	pathogenic
Q07812	L63R	0.9954	pathogenic
Q07812	L63S	0.9993	pathogenic
Q07812	L63T	0.9971	pathogenic
Q07812	L63V	0.8905	pathogenic
Q07812	L63W	0.9948	pathogenic
Q07812	L63Y	0.9979	pathogenic
Q07812	K64A	0.653	pathogenic
Q07812	K64C	0.6454	pathogenic
Q07812	K64D	0.973	pathogenic
Q07812	K64E	0.5948	pathogenic
Q07812	K64F	0.9421	pathogenic
Q07812	K64G	0.71	pathogenic
Q07812	K64I	0.7211	pathogenic
Q07812	K64N	0.8976	pathogenic
Q07812	K64P	0.9912	pathogenic
Q07812	K64S	0.7883	pathogenic
Q07812	K64V	0.6507	pathogenic
Q07812	K64W	0.8797	pathogenic
Q07812	K64Y	0.8827	pathogenic
Q07812	R65A	0.6199	pathogenic
Q07812	R65D	0.7971	pathogenic
Q07812	R65E	0.5689	pathogenic
Q07812	R65F	0.8717	pathogenic
Q07812	R65I	0.5874	pathogenic
Q07812	R65N	0.7091	pathogenic
Q07812	R65P	0.9902	pathogenic
Q07812	R65S	0.747	pathogenic
Q07812	R65W	0.5844	pathogenic
Q07812	R65Y	0.7146	pathogenic
Q07812	I66A	0.9811	pathogenic
Q07812	I66C	0.9991	pathogenic
Q07812	I66D	0.9993	pathogenic
Q07812	I66E	0.996	pathogenic
Q07812	I66F	0.9633	pathogenic
Q07812	I66G	0.9983	pathogenic
Q07812	I66H	0.999	pathogenic
Q07812	I66K	0.9974	pathogenic
Q07812	I66L	0.9099	pathogenic
Q07812	I66M	0.8835	pathogenic
Q07812	I66N	0.9973	pathogenic
Q07812	I66P	0.997	pathogenic
Q07812	I66Q	0.9974	pathogenic
Q07812	I66R	0.9934	pathogenic
Q07812	I66S	0.9956	pathogenic
Q07812	I66T	0.9853	pathogenic
Q07812	I66V	0.8722	pathogenic
Q07812	I66W	0.9956	pathogenic
Q07812	I66Y	0.9961	pathogenic
Q07812	G67A	0.8634	pathogenic
Q07812	G67C	0.9894	pathogenic
Q07812	G67D	0.9988	pathogenic
Q07812	G67E	0.9989	pathogenic
Q07812	G67F	0.9993	pathogenic
Q07812	G67H	0.9994	pathogenic
Q07812	G67I	0.9984	pathogenic
Q07812	G67K	0.9996	pathogenic
Q07812	G67L	0.9982	pathogenic
Q07812	G67M	0.999	pathogenic
Q07812	G67N	0.9989	pathogenic
Q07812	G67P	0.9998	pathogenic
Q07812	G67Q	0.9981	pathogenic
Q07812	G67R	0.9973	pathogenic
Q07812	G67S	0.932	pathogenic
Q07812	G67T	0.9871	pathogenic
Q07812	G67V	0.9954	pathogenic
Q07812	G67W	0.9979	pathogenic
Q07812	G67Y	0.9992	pathogenic
Q07812	D68A	0.9336	pathogenic
Q07812	D68C	0.9852	pathogenic
Q07812	D68E	0.7938	pathogenic
Q07812	D68F	0.9866	pathogenic
Q07812	D68G	0.8934	pathogenic
Q07812	D68H	0.948	pathogenic
Q07812	D68I	0.9816	pathogenic
Q07812	D68K	0.9687	pathogenic
Q07812	D68L	0.9663	pathogenic
Q07812	D68M	0.9868	pathogenic
Q07812	D68P	0.9989	pathogenic
Q07812	D68Q	0.9476	pathogenic
Q07812	D68R	0.9601	pathogenic
Q07812	D68S	0.8309	pathogenic
Q07812	D68T	0.9342	pathogenic
Q07812	D68V	0.9384	pathogenic
Q07812	D68W	0.9932	pathogenic
Q07812	D68Y	0.9232	pathogenic
Q07812	E69A	0.9261	pathogenic
Q07812	E69C	0.9959	pathogenic
Q07812	E69D	0.6536	pathogenic
Q07812	E69F	0.9984	pathogenic
Q07812	E69G	0.9545	pathogenic
Q07812	E69H	0.9848	pathogenic
Q07812	E69I	0.991	pathogenic
Q07812	E69K	0.9666	pathogenic
Q07812	E69L	0.9903	pathogenic
Q07812	E69M	0.9903	pathogenic
Q07812	E69N	0.9692	pathogenic
Q07812	E69P	0.9995	pathogenic
Q07812	E69Q	0.8323	pathogenic
Q07812	E69R	0.9657	pathogenic
Q07812	E69S	0.9493	pathogenic
Q07812	E69T	0.9642	pathogenic
Q07812	E69V	0.9696	pathogenic
Q07812	E69W	0.9994	pathogenic
Q07812	E69Y	0.9946	pathogenic
Q07812	L70A	0.9891	pathogenic
Q07812	L70C	0.9973	pathogenic
Q07812	L70D	0.9995	pathogenic
Q07812	L70E	0.9964	pathogenic
Q07812	L70F	0.9889	pathogenic
Q07812	L70G	0.9964	pathogenic
Q07812	L70H	0.9991	pathogenic
Q07812	L70I	0.7997	pathogenic
Q07812	L70K	0.996	pathogenic
Q07812	L70M	0.7675	pathogenic
Q07812	L70N	0.9978	pathogenic
Q07812	L70P	0.9993	pathogenic
Q07812	L70Q	0.998	pathogenic
Q07812	L70R	0.9934	pathogenic
Q07812	L70S	0.9994	pathogenic
Q07812	L70T	0.9931	pathogenic
Q07812	L70V	0.9141	pathogenic
Q07812	L70W	0.9952	pathogenic
Q07812	L70Y	0.9967	pathogenic
Q07812	D71A	0.9806	pathogenic
Q07812	D71C	0.9986	pathogenic
Q07812	D71E	0.9547	pathogenic
Q07812	D71F	0.9989	pathogenic
Q07812	D71G	0.9543	pathogenic
Q07812	D71H	0.9899	pathogenic
Q07812	D71I	0.999	pathogenic
Q07812	D71K	0.9982	pathogenic
Q07812	D71L	0.9966	pathogenic
Q07812	D71M	0.9995	pathogenic
Q07812	D71N	0.862	pathogenic
Q07812	D71P	0.9995	pathogenic
Q07812	D71Q	0.9939	pathogenic
Q07812	D71R	0.996	pathogenic
Q07812	D71S	0.942	pathogenic
Q07812	D71T	0.9937	pathogenic
Q07812	D71V	0.9949	pathogenic
Q07812	D71W	0.9996	pathogenic
Q07812	D71Y	0.989	pathogenic
Q07812	S72F	0.5799	pathogenic
Q07812	S72P	0.9668	pathogenic
Q07812	S72W	0.6751	pathogenic
Q07812	N73A	0.9796	pathogenic
Q07812	N73C	0.9131	pathogenic
Q07812	N73D	0.7272	pathogenic
Q07812	N73E	0.9777	pathogenic
Q07812	N73F	0.9961	pathogenic
Q07812	N73G	0.9815	pathogenic
Q07812	N73H	0.6487	pathogenic
Q07812	N73I	0.9913	pathogenic
Q07812	N73K	0.9893	pathogenic
Q07812	N73L	0.9824	pathogenic
Q07812	N73M	0.9867	pathogenic
Q07812	N73P	0.9873	pathogenic
Q07812	N73Q	0.9565	pathogenic
Q07812	N73R	0.9765	pathogenic
Q07812	N73S	0.5694	pathogenic
Q07812	N73T	0.9332	pathogenic
Q07812	N73V	0.981	pathogenic
Q07812	N73W	0.9969	pathogenic
Q07812	N73Y	0.9433	pathogenic
Q07812	M74C	0.677	pathogenic
Q07812	M74D	0.742	pathogenic
Q07812	M74W	0.7239	pathogenic
Q07812	M74Y	0.7429	pathogenic
Q07812	E75A	0.7155	pathogenic
Q07812	E75C	0.9915	pathogenic
Q07812	E75F	0.993	pathogenic
Q07812	E75G	0.8536	pathogenic
Q07812	E75H	0.9549	pathogenic
Q07812	E75I	0.9704	pathogenic
Q07812	E75K	0.9447	pathogenic
Q07812	E75L	0.9584	pathogenic
Q07812	E75M	0.972	pathogenic
Q07812	E75N	0.9201	pathogenic
Q07812	E75P	0.9576	pathogenic
Q07812	E75Q	0.6202	pathogenic
Q07812	E75R	0.9288	pathogenic
Q07812	E75S	0.874	pathogenic
Q07812	E75T	0.9104	pathogenic
Q07812	E75V	0.859	pathogenic
Q07812	E75W	0.9978	pathogenic
Q07812	E75Y	0.983	pathogenic
Q07812	L76A	0.9875	pathogenic
Q07812	L76C	0.9963	pathogenic
Q07812	L76D	0.9987	pathogenic
Q07812	L76E	0.9942	pathogenic
Q07812	L76F	0.9035	pathogenic
Q07812	L76G	0.9937	pathogenic
Q07812	L76H	0.9969	pathogenic
Q07812	L76I	0.7346	pathogenic
Q07812	L76K	0.992	pathogenic
Q07812	L76M	0.7427	pathogenic
Q07812	L76N	0.9939	pathogenic
Q07812	L76P	0.9976	pathogenic
Q07812	L76Q	0.9945	pathogenic
Q07812	L76R	0.9858	pathogenic
Q07812	L76S	0.9987	pathogenic
Q07812	L76T	0.9925	pathogenic
Q07812	L76V	0.8938	pathogenic
Q07812	L76W	0.9807	pathogenic
Q07812	L76Y	0.9834	pathogenic
Q07812	Q77A	0.8723	pathogenic
Q07812	Q77C	0.9917	pathogenic
Q07812	Q77D	0.9366	pathogenic
Q07812	Q77F	0.9981	pathogenic
Q07812	Q77G	0.7903	pathogenic
Q07812	Q77H	0.9702	pathogenic
Q07812	Q77I	0.9931	pathogenic
Q07812	Q77K	0.8997	pathogenic
Q07812	Q77L	0.9431	pathogenic
Q07812	Q77M	0.9595	pathogenic
Q07812	Q77N	0.6981	pathogenic
Q07812	Q77P	0.9847	pathogenic
Q07812	Q77R	0.8614	pathogenic
Q07812	Q77S	0.7529	pathogenic
Q07812	Q77T	0.9111	pathogenic
Q07812	Q77V	0.9731	pathogenic
Q07812	Q77W	0.9968	pathogenic
Q07812	Q77Y	0.9947	pathogenic
Q07812	R78F	0.8443	pathogenic
Q07812	R78I	0.7509	pathogenic
Q07812	R78P	0.9794	pathogenic
Q07812	R78V	0.6609	pathogenic
Q07812	R78Y	0.6329	pathogenic
Q07812	M79A	0.9488	pathogenic
Q07812	M79C	0.9649	pathogenic
Q07812	M79D	0.9852	pathogenic
Q07812	M79E	0.9538	pathogenic
Q07812	M79F	0.927	pathogenic
Q07812	M79G	0.9667	pathogenic
Q07812	M79H	0.9316	pathogenic
Q07812	M79I	0.99	pathogenic
Q07812	M79K	0.7974	pathogenic
Q07812	M79N	0.9442	pathogenic
Q07812	M79P	0.9992	pathogenic
Q07812	M79Q	0.6189	pathogenic
Q07812	M79R	0.8094	pathogenic
Q07812	M79S	0.9539	pathogenic
Q07812	M79T	0.9709	pathogenic
Q07812	M79V	0.875	pathogenic
Q07812	M79W	0.9762	pathogenic
Q07812	M79Y	0.9593	pathogenic
Q07812	I80A	0.9637	pathogenic
Q07812	I80C	0.9955	pathogenic
Q07812	I80D	0.9995	pathogenic
Q07812	I80E	0.9967	pathogenic
Q07812	I80F	0.9621	pathogenic
Q07812	I80G	0.9975	pathogenic
Q07812	I80H	0.9993	pathogenic
Q07812	I80K	0.9984	pathogenic
Q07812	I80L	0.6239	pathogenic
Q07812	I80M	0.6891	pathogenic
Q07812	I80N	0.9975	pathogenic
Q07812	I80P	0.997	pathogenic
Q07812	I80Q	0.9974	pathogenic
Q07812	I80R	0.996	pathogenic
Q07812	I80S	0.9942	pathogenic
Q07812	I80T	0.981	pathogenic
Q07812	I80V	0.5919	pathogenic
Q07812	I80W	0.9982	pathogenic
Q07812	I80Y	0.9971	pathogenic
Q07812	A81P	0.9651	pathogenic
Q07812	A81W	0.8045	pathogenic
Q07812	A81Y	0.5847	pathogenic
Q07812	A82P	0.9199	pathogenic
Q07812	A82W	0.754	pathogenic
Q07812	V83A	0.6859	pathogenic
Q07812	V83C	0.9169	pathogenic
Q07812	V83D	0.979	pathogenic
Q07812	V83E	0.9424	pathogenic
Q07812	V83F	0.8783	pathogenic
Q07812	V83G	0.7964	pathogenic
Q07812	V83H	0.988	pathogenic
Q07812	V83K	0.9657	pathogenic
Q07812	V83L	0.8191	pathogenic
Q07812	V83M	0.691	pathogenic
Q07812	V83N	0.9574	pathogenic
Q07812	V83P	0.9477	pathogenic
Q07812	V83Q	0.9263	pathogenic
Q07812	V83R	0.9414	pathogenic
Q07812	V83S	0.8593	pathogenic
Q07812	V83T	0.7128	pathogenic
Q07812	V83W	0.9939	pathogenic
Q07812	V83Y	0.9884	pathogenic
Q07812	D84C	0.8307	pathogenic
Q07812	D84F	0.9544	pathogenic
Q07812	D84I	0.8935	pathogenic
Q07812	D84K	0.5693	pathogenic
Q07812	D84L	0.8173	pathogenic
Q07812	D84M	0.9282	pathogenic
Q07812	D84V	0.6895	pathogenic
Q07812	D84W	0.9757	pathogenic
Q07812	D84Y	0.7471	pathogenic
Q07812	T85F	0.5952	pathogenic
Q07812	T85W	0.785	pathogenic
Q07812	T85Y	0.5912	pathogenic
Q07812	D86C	0.6469	pathogenic
Q07812	D86F	0.7367	pathogenic
Q07812	D86I	0.5735	pathogenic
Q07812	D86M	0.7258	pathogenic
Q07812	D86P	0.5784	pathogenic
Q07812	D86W	0.9025	pathogenic
Q07812	S87D	0.8058	pathogenic
Q07812	S87E	0.8642	pathogenic
Q07812	S87F	0.8129	pathogenic
Q07812	S87H	0.6599	pathogenic
Q07812	S87I	0.7077	pathogenic
Q07812	S87K	0.9396	pathogenic
Q07812	S87M	0.6137	pathogenic
Q07812	S87Q	0.778	pathogenic
Q07812	S87R	0.9073	pathogenic
Q07812	S87W	0.847	pathogenic
Q07812	S87Y	0.6943	pathogenic
Q07812	P88A	0.7056	pathogenic
Q07812	P88C	0.9865	pathogenic
Q07812	P88D	0.9918	pathogenic
Q07812	P88E	0.9827	pathogenic
Q07812	P88F	0.9986	pathogenic
Q07812	P88G	0.9642	pathogenic
Q07812	P88H	0.9777	pathogenic
Q07812	P88I	0.9896	pathogenic
Q07812	P88K	0.9913	pathogenic
Q07812	P88L	0.9578	pathogenic
Q07812	P88M	0.9902	pathogenic
Q07812	P88N	0.9853	pathogenic
Q07812	P88Q	0.9679	pathogenic
Q07812	P88R	0.9725	pathogenic
Q07812	P88S	0.8658	pathogenic
Q07812	P88T	0.8269	pathogenic
Q07812	P88V	0.9507	pathogenic
Q07812	P88W	0.9989	pathogenic
Q07812	P88Y	0.9972	pathogenic
Q07812	R89A	0.7096	pathogenic
Q07812	R89D	0.9467	pathogenic
Q07812	R89F	0.9298	pathogenic
Q07812	R89G	0.6188	pathogenic
Q07812	R89I	0.8455	pathogenic
Q07812	R89L	0.6442	pathogenic
Q07812	R89M	0.7553	pathogenic
Q07812	R89N	0.9327	pathogenic
Q07812	R89P	0.7403	pathogenic
Q07812	R89S	0.8406	pathogenic
Q07812	R89T	0.7234	pathogenic
Q07812	R89V	0.782	pathogenic
Q07812	R89W	0.6076	pathogenic
Q07812	R89Y	0.818	pathogenic
Q07812	E90C	0.9346	pathogenic
Q07812	E90F	0.943	pathogenic
Q07812	E90H	0.6295	pathogenic
Q07812	E90I	0.7212	pathogenic
Q07812	E90L	0.6222	pathogenic
Q07812	E90M	0.7249	pathogenic
Q07812	E90P	0.706	pathogenic
Q07812	E90W	0.971	pathogenic
Q07812	E90Y	0.8721	pathogenic
Q07812	V91A	0.7717	pathogenic
Q07812	V91C	0.9467	pathogenic
Q07812	V91D	0.8912	pathogenic
Q07812	V91E	0.8751	pathogenic
Q07812	V91F	0.8814	pathogenic
Q07812	V91G	0.7096	pathogenic
Q07812	V91H	0.9647	pathogenic
Q07812	V91K	0.9048	pathogenic
Q07812	V91L	0.6194	pathogenic
Q07812	V91M	0.6057	pathogenic
Q07812	V91N	0.807	pathogenic
Q07812	V91P	0.9808	pathogenic
Q07812	V91Q	0.8714	pathogenic
Q07812	V91R	0.8816	pathogenic
Q07812	V91S	0.8301	pathogenic
Q07812	V91W	0.9912	pathogenic
Q07812	V91Y	0.9556	pathogenic
Q07812	F92A	0.9979	pathogenic
Q07812	F92C	0.9946	pathogenic
Q07812	F92D	0.9993	pathogenic
Q07812	F92E	0.9993	pathogenic
Q07812	F92G	0.9983	pathogenic
Q07812	F92H	0.9969	pathogenic
Q07812	F92I	0.9897	pathogenic
Q07812	F92K	0.9992	pathogenic
Q07812	F92L	0.9978	pathogenic
Q07812	F92M	0.9949	pathogenic
Q07812	F92N	0.9986	pathogenic
Q07812	F92P	0.9997	pathogenic
Q07812	F92Q	0.999	pathogenic
Q07812	F92R	0.996	pathogenic
Q07812	F92S	0.9987	pathogenic
Q07812	F92T	0.9986	pathogenic
Q07812	F92V	0.9838	pathogenic
Q07812	F92W	0.9656	pathogenic
Q07812	F92Y	0.8073	pathogenic
Q07812	F93A	0.9641	pathogenic
Q07812	F93C	0.7346	pathogenic
Q07812	F93D	0.9827	pathogenic
Q07812	F93E	0.9736	pathogenic
Q07812	F93G	0.97	pathogenic
Q07812	F93H	0.834	pathogenic
Q07812	F93I	0.8978	pathogenic
Q07812	F93K	0.9819	pathogenic
Q07812	F93L	0.9569	pathogenic
Q07812	F93M	0.841	pathogenic
Q07812	F93N	0.944	pathogenic
Q07812	F93P	0.9992	pathogenic
Q07812	F93Q	0.9054	pathogenic
Q07812	F93R	0.9236	pathogenic
Q07812	F93S	0.9268	pathogenic
Q07812	F93T	0.9628	pathogenic
Q07812	F93V	0.8377	pathogenic
Q07812	F93W	0.7262	pathogenic
Q07812	R94D	0.6899	pathogenic
Q07812	R94F	0.8513	pathogenic
Q07812	R94I	0.6805	pathogenic
Q07812	R94N	0.6163	pathogenic
Q07812	R94P	0.9701	pathogenic
Q07812	R94V	0.6253	pathogenic
Q07812	R94Y	0.7051	pathogenic
Q07812	V95A	0.9805	pathogenic
Q07812	V95C	0.9914	pathogenic
Q07812	V95D	0.9965	pathogenic
Q07812	V95E	0.9913	pathogenic
Q07812	V95F	0.9679	pathogenic
Q07812	V95G	0.9453	pathogenic
Q07812	V95H	0.9959	pathogenic
Q07812	V95I	0.5913	pathogenic
Q07812	V95K	0.9941	pathogenic
Q07812	V95L	0.9913	pathogenic
Q07812	V95M	0.9852	pathogenic
Q07812	V95N	0.9926	pathogenic
Q07812	V95P	0.9977	pathogenic
Q07812	V95Q	0.9894	pathogenic
Q07812	V95R	0.9807	pathogenic
Q07812	V95S	0.9838	pathogenic
Q07812	V95T	0.9473	pathogenic
Q07812	V95W	0.9981	pathogenic
Q07812	V95Y	0.9948	pathogenic
Q07812	A96C	0.9213	pathogenic
Q07812	A96D	0.9995	pathogenic
Q07812	A96E	0.9984	pathogenic
Q07812	A96F	0.9957	pathogenic
Q07812	A96G	0.7048	pathogenic
Q07812	A96H	0.9988	pathogenic
Q07812	A96I	0.9879	pathogenic
Q07812	A96K	0.9993	pathogenic
Q07812	A96L	0.9436	pathogenic
Q07812	A96M	0.9762	pathogenic
Q07812	A96N	0.9985	pathogenic
Q07812	A96P	0.9978	pathogenic
Q07812	A96Q	0.9913	pathogenic
Q07812	A96R	0.9937	pathogenic
Q07812	A96S	0.7004	pathogenic
Q07812	A96T	0.9499	pathogenic
Q07812	A96V	0.9283	pathogenic
Q07812	A96W	0.9993	pathogenic
Q07812	A96Y	0.9987	pathogenic
Q07812	A97P	0.9808	pathogenic
Q07812	A97W	0.6832	pathogenic
Q07812	D98C	0.8596	pathogenic
Q07812	D98F	0.934	pathogenic
Q07812	D98H	0.5777	pathogenic
Q07812	D98I	0.8821	pathogenic
Q07812	D98K	0.688	pathogenic
Q07812	D98L	0.7861	pathogenic
Q07812	D98M	0.8785	pathogenic
Q07812	D98P	0.9866	pathogenic
Q07812	D98R	0.7195	pathogenic
Q07812	D98V	0.7003	pathogenic
Q07812	D98W	0.98	pathogenic
Q07812	D98Y	0.7641	pathogenic
Q07812	M99A	0.9859	pathogenic
Q07812	M99C	0.9708	pathogenic
Q07812	M99D	0.9985	pathogenic
Q07812	M99E	0.9892	pathogenic
Q07812	M99F	0.9308	pathogenic
Q07812	M99G	0.9963	pathogenic
Q07812	M99H	0.9927	pathogenic
Q07812	M99I	0.8992	pathogenic
Q07812	M99K	0.9802	pathogenic
Q07812	M99N	0.9891	pathogenic
Q07812	M99P	0.999	pathogenic
Q07812	M99Q	0.9591	pathogenic
Q07812	M99R	0.9815	pathogenic
Q07812	M99S	0.9903	pathogenic
Q07812	M99T	0.9633	pathogenic
Q07812	M99V	0.6742	pathogenic
Q07812	M99W	0.9961	pathogenic
Q07812	M99Y	0.9908	pathogenic
Q07812	F100A	0.9984	pathogenic
Q07812	F100C	0.9971	pathogenic
Q07812	F100D	0.999	pathogenic
Q07812	F100E	0.9992	pathogenic
Q07812	F100G	0.997	pathogenic
Q07812	F100H	0.9968	pathogenic
Q07812	F100I	0.9941	pathogenic
Q07812	F100K	0.9995	pathogenic
Q07812	F100L	0.9986	pathogenic
Q07812	F100M	0.996	pathogenic
Q07812	F100N	0.9983	pathogenic
Q07812	F100P	0.9998	pathogenic
Q07812	F100Q	0.9988	pathogenic
Q07812	F100R	0.9976	pathogenic
Q07812	F100S	0.9992	pathogenic
Q07812	F100T	0.9988	pathogenic
Q07812	F100V	0.9918	pathogenic
Q07812	F100W	0.9833	pathogenic
Q07812	F100Y	0.9628	pathogenic
Q07812	S101K	0.6378	pathogenic
Q07812	S101P	0.9082	pathogenic
Q07812	S101W	0.5888	pathogenic
Q07812	D102A	0.9874	pathogenic
Q07812	D102C	0.9971	pathogenic
Q07812	D102E	0.9831	pathogenic
Q07812	D102F	0.9991	pathogenic
Q07812	D102G	0.9664	pathogenic
Q07812	D102H	0.9932	pathogenic
Q07812	D102I	0.999	pathogenic
Q07812	D102K	0.9959	pathogenic
Q07812	D102L	0.9957	pathogenic
Q07812	D102M	0.9992	pathogenic
Q07812	D102N	0.9176	pathogenic
Q07812	D102P	0.9939	pathogenic
Q07812	D102Q	0.9917	pathogenic
Q07812	D102R	0.99	pathogenic
Q07812	D102S	0.9558	pathogenic
Q07812	D102T	0.9862	pathogenic
Q07812	D102V	0.9961	pathogenic
Q07812	D102W	0.9993	pathogenic
Q07812	D102Y	0.9917	pathogenic
Q07812	G103A	0.9116	pathogenic
Q07812	G103C	0.9518	pathogenic
Q07812	G103D	0.8988	pathogenic
Q07812	G103E	0.9449	pathogenic
Q07812	G103F	0.9978	pathogenic
Q07812	G103H	0.959	pathogenic
Q07812	G103I	0.9965	pathogenic
Q07812	G103K	0.9548	pathogenic
Q07812	G103L	0.9917	pathogenic
Q07812	G103M	0.9938	pathogenic
Q07812	G103N	0.8565	pathogenic
Q07812	G103P	0.9974	pathogenic
Q07812	G103Q	0.8981	pathogenic
Q07812	G103R	0.92	pathogenic
Q07812	G103S	0.6337	pathogenic
Q07812	G103T	0.951	pathogenic
Q07812	G103V	0.992	pathogenic
Q07812	G103W	0.995	pathogenic
Q07812	G103Y	0.9927	pathogenic
Q07812	N104F	0.6662	pathogenic
Q07812	N104P	0.8477	pathogenic
Q07812	N104W	0.8452	pathogenic
Q07812	F105A	0.975	pathogenic
Q07812	F105C	0.7256	pathogenic
Q07812	F105D	0.9944	pathogenic
Q07812	F105E	0.9936	pathogenic
Q07812	F105G	0.9884	pathogenic
Q07812	F105H	0.9418	pathogenic
Q07812	F105I	0.5643	pathogenic
Q07812	F105K	0.9882	pathogenic
Q07812	F105L	0.9661	pathogenic
Q07812	F105M	0.8916	pathogenic
Q07812	F105N	0.979	pathogenic
Q07812	F105P	0.9851	pathogenic
Q07812	F105Q	0.981	pathogenic
Q07812	F105R	0.9655	pathogenic
Q07812	F105S	0.9729	pathogenic
Q07812	F105T	0.9505	pathogenic
Q07812	F105V	0.5648	pathogenic
Q07812	F105W	0.7761	pathogenic
Q07812	N106A	0.9848	pathogenic
Q07812	N106C	0.8937	pathogenic
Q07812	N106D	0.9726	pathogenic
Q07812	N106E	0.998	pathogenic
Q07812	N106F	0.9976	pathogenic
Q07812	N106G	0.9749	pathogenic
Q07812	N106H	0.8694	pathogenic
Q07812	N106I	0.9922	pathogenic
Q07812	N106K	0.9981	pathogenic
Q07812	N106L	0.9817	pathogenic
Q07812	N106M	0.9935	pathogenic
Q07812	N106P	0.9864	pathogenic
Q07812	N106Q	0.9874	pathogenic
Q07812	N106R	0.9917	pathogenic
Q07812	N106T	0.8112	pathogenic
Q07812	N106V	0.9878	pathogenic
Q07812	N106W	0.9987	pathogenic
Q07812	N106Y	0.9829	pathogenic
Q07812	W107A	0.9992	pathogenic
Q07812	W107C	0.9998	pathogenic
Q07812	W107D	0.9999	pathogenic
Q07812	W107E	0.9998	pathogenic
Q07812	W107F	0.9689	pathogenic
Q07812	W107G	0.9955	pathogenic
Q07812	W107H	0.9993	pathogenic
Q07812	W107I	0.9996	pathogenic
Q07812	W107K	0.9999	pathogenic
Q07812	W107L	0.9977	pathogenic
Q07812	W107M	0.9996	pathogenic
Q07812	W107N	0.9999	pathogenic
Q07812	W107P	0.9993	pathogenic
Q07812	W107Q	0.9999	pathogenic
Q07812	W107R	0.9998	pathogenic
Q07812	W107S	0.9989	pathogenic
Q07812	W107T	0.9994	pathogenic
Q07812	W107V	0.9995	pathogenic
Q07812	W107Y	0.9933	pathogenic
Q07812	G108A	0.9944	pathogenic
Q07812	G108C	0.9988	pathogenic
Q07812	G108D	0.9993	pathogenic
Q07812	G108E	0.9991	pathogenic
Q07812	G108F	0.9995	pathogenic
Q07812	G108H	0.9999	pathogenic
Q07812	G108I	0.9995	pathogenic
Q07812	G108K	0.9998	pathogenic
Q07812	G108L	0.9995	pathogenic
Q07812	G108M	0.9998	pathogenic
Q07812	G108N	0.9997	pathogenic
Q07812	G108P	0.9991	pathogenic
Q07812	G108Q	0.9996	pathogenic
Q07812	G108R	0.9994	pathogenic
Q07812	G108S	0.9973	pathogenic
Q07812	G108T	0.9988	pathogenic
Q07812	G108V	0.9988	pathogenic
Q07812	G108W	0.999	pathogenic
Q07812	G108Y	0.9995	pathogenic
Q07812	R109A	0.9988	pathogenic
Q07812	R109C	0.9933	pathogenic
Q07812	R109D	0.9992	pathogenic
Q07812	R109E	0.9954	pathogenic
Q07812	R109F	0.9998	pathogenic
Q07812	R109G	0.9972	pathogenic
Q07812	R109H	0.9872	pathogenic
Q07812	R109I	0.999	pathogenic
Q07812	R109K	0.9657	pathogenic
Q07812	R109L	0.9959	pathogenic
Q07812	R109M	0.9995	pathogenic
Q07812	R109N	0.9982	pathogenic
Q07812	R109P	0.9992	pathogenic
Q07812	R109Q	0.9806	pathogenic
Q07812	R109S	0.9991	pathogenic
Q07812	R109T	0.9989	pathogenic
Q07812	R109V	0.9986	pathogenic
Q07812	R109W	0.9966	pathogenic
Q07812	R109Y	0.9993	pathogenic
Q07812	V110A	0.9772	pathogenic
Q07812	V110C	0.993	pathogenic
Q07812	V110D	0.9987	pathogenic
Q07812	V110E	0.9956	pathogenic
Q07812	V110F	0.9856	pathogenic
Q07812	V110G	0.9809	pathogenic
Q07812	V110H	0.9995	pathogenic
Q07812	V110K	0.9977	pathogenic
Q07812	V110L	0.9466	pathogenic
Q07812	V110M	0.9642	pathogenic
Q07812	V110N	0.997	pathogenic
Q07812	V110P	0.9915	pathogenic
Q07812	V110Q	0.9967	pathogenic
Q07812	V110R	0.9956	pathogenic
Q07812	V110S	0.9919	pathogenic
Q07812	V110T	0.9656	pathogenic
Q07812	V110W	0.9996	pathogenic
Q07812	V110Y	0.9988	pathogenic
Q07812	V111A	0.8931	pathogenic
Q07812	V111C	0.9829	pathogenic
Q07812	V111D	0.9987	pathogenic
Q07812	V111E	0.996	pathogenic
Q07812	V111F	0.9767	pathogenic
Q07812	V111G	0.884	pathogenic
Q07812	V111H	0.999	pathogenic
Q07812	V111I	0.5945	pathogenic
Q07812	V111K	0.9979	pathogenic
Q07812	V111L	0.9854	pathogenic
Q07812	V111M	0.9867	pathogenic
Q07812	V111N	0.9968	pathogenic
Q07812	V111P	0.9911	pathogenic
Q07812	V111Q	0.9933	pathogenic
Q07812	V111R	0.9882	pathogenic
Q07812	V111S	0.9518	pathogenic
Q07812	V111T	0.9069	pathogenic
Q07812	V111W	0.9993	pathogenic
Q07812	V111Y	0.9981	pathogenic
Q07812	A112C	0.9009	pathogenic
Q07812	A112D	0.9989	pathogenic
Q07812	A112E	0.9984	pathogenic
Q07812	A112F	0.9693	pathogenic
Q07812	A112G	0.8134	pathogenic
Q07812	A112H	0.9958	pathogenic
Q07812	A112I	0.9809	pathogenic
Q07812	A112K	0.9995	pathogenic
Q07812	A112L	0.8747	pathogenic
Q07812	A112M	0.9302	pathogenic
Q07812	A112N	0.9935	pathogenic
Q07812	A112P	0.9976	pathogenic
Q07812	A112Q	0.9903	pathogenic
Q07812	A112R	0.9948	pathogenic
Q07812	A112T	0.7608	pathogenic
Q07812	A112V	0.9127	pathogenic
Q07812	A112W	0.998	pathogenic
Q07812	A112Y	0.994	pathogenic
Q07812	L113A	0.9847	pathogenic
Q07812	L113C	0.9739	pathogenic
Q07812	L113D	0.9997	pathogenic
Q07812	L113E	0.9991	pathogenic
Q07812	L113F	0.7846	pathogenic
Q07812	L113G	0.9963	pathogenic
Q07812	L113H	0.9942	pathogenic
Q07812	L113I	0.7455	pathogenic
Q07812	L113K	0.9981	pathogenic
Q07812	L113M	0.7522	pathogenic
Q07812	L113N	0.998	pathogenic
Q07812	L113P	0.9982	pathogenic
Q07812	L113Q	0.9959	pathogenic
Q07812	L113R	0.9934	pathogenic
Q07812	L113S	0.9973	pathogenic
Q07812	L113T	0.9856	pathogenic
Q07812	L113V	0.6667	pathogenic
Q07812	L113W	0.9885	pathogenic
Q07812	L113Y	0.9889	pathogenic
Q07812	F114A	0.9982	pathogenic
Q07812	F114C	0.9906	pathogenic
Q07812	F114D	0.9994	pathogenic
Q07812	F114E	0.9993	pathogenic
Q07812	F114G	0.9979	pathogenic
Q07812	F114H	0.9928	pathogenic
Q07812	F114I	0.9911	pathogenic
Q07812	F114K	0.9995	pathogenic
Q07812	F114L	0.9976	pathogenic
Q07812	F114M	0.9936	pathogenic
Q07812	F114N	0.9975	pathogenic
Q07812	F114P	0.9997	pathogenic
Q07812	F114Q	0.9983	pathogenic
Q07812	F114R	0.9978	pathogenic
Q07812	F114S	0.9976	pathogenic
Q07812	F114T	0.9983	pathogenic
Q07812	F114V	0.9899	pathogenic
Q07812	F114W	0.9507	pathogenic
Q07812	F114Y	0.7617	pathogenic
Q07812	Y115A	0.9924	pathogenic
Q07812	Y115C	0.9105	pathogenic
Q07812	Y115D	0.998	pathogenic
Q07812	Y115E	0.9994	pathogenic
Q07812	Y115F	0.6328	pathogenic
Q07812	Y115G	0.985	pathogenic
Q07812	Y115H	0.9828	pathogenic
Q07812	Y115I	0.9908	pathogenic
Q07812	Y115K	0.9996	pathogenic
Q07812	Y115L	0.948	pathogenic
Q07812	Y115M	0.9957	pathogenic
Q07812	Y115N	0.9853	pathogenic
Q07812	Y115P	0.9978	pathogenic
Q07812	Y115Q	0.9986	pathogenic
Q07812	Y115R	0.9969	pathogenic
Q07812	Y115S	0.9492	pathogenic
Q07812	Y115T	0.9887	pathogenic
Q07812	Y115V	0.9677	pathogenic
Q07812	Y115W	0.9259	pathogenic
Q07812	F116A	0.9983	pathogenic
Q07812	F116C	0.9938	pathogenic
Q07812	F116D	0.9996	pathogenic
Q07812	F116E	0.9996	pathogenic
Q07812	F116G	0.9983	pathogenic
Q07812	F116H	0.9968	pathogenic
Q07812	F116I	0.9923	pathogenic
Q07812	F116K	0.9994	pathogenic
Q07812	F116L	0.9981	pathogenic
Q07812	F116M	0.9955	pathogenic
Q07812	F116N	0.9992	pathogenic
Q07812	F116P	0.9999	pathogenic
Q07812	F116Q	0.9989	pathogenic
Q07812	F116R	0.9967	pathogenic
Q07812	F116S	0.999	pathogenic
Q07812	F116T	0.9977	pathogenic
Q07812	F116V	0.9811	pathogenic
Q07812	F116W	0.9836	pathogenic
Q07812	F116Y	0.9535	pathogenic
Q07812	A117C	0.9258	pathogenic
Q07812	A117D	0.9992	pathogenic
Q07812	A117E	0.9987	pathogenic
Q07812	A117F	0.9925	pathogenic
Q07812	A117G	0.6566	pathogenic
Q07812	A117H	0.9971	pathogenic
Q07812	A117I	0.9962	pathogenic
Q07812	A117K	0.9996	pathogenic
Q07812	A117L	0.9703	pathogenic
Q07812	A117M	0.9918	pathogenic
Q07812	A117N	0.997	pathogenic
Q07812	A117P	0.9962	pathogenic
Q07812	A117Q	0.9876	pathogenic
Q07812	A117R	0.994	pathogenic
Q07812	A117T	0.919	pathogenic
Q07812	A117V	0.9797	pathogenic
Q07812	A117W	0.9993	pathogenic
Q07812	A117Y	0.9985	pathogenic
Q07812	S118D	0.9925	pathogenic
Q07812	S118E	0.9904	pathogenic
Q07812	S118F	0.9429	pathogenic
Q07812	S118H	0.9574	pathogenic
Q07812	S118I	0.9457	pathogenic
Q07812	S118K	0.9985	pathogenic
Q07812	S118L	0.8244	pathogenic
Q07812	S118M	0.8301	pathogenic
Q07812	S118N	0.8725	pathogenic
Q07812	S118P	0.9938	pathogenic
Q07812	S118Q	0.9732	pathogenic
Q07812	S118R	0.9952	pathogenic
Q07812	S118V	0.8267	pathogenic
Q07812	S118W	0.9554	pathogenic
Q07812	S118Y	0.917	pathogenic
Q07812	K119A	0.9854	pathogenic
Q07812	K119C	0.9534	pathogenic
Q07812	K119D	0.998	pathogenic
Q07812	K119E	0.9856	pathogenic
Q07812	K119F	0.998	pathogenic
Q07812	K119G	0.9928	pathogenic
Q07812	K119H	0.8912	pathogenic
Q07812	K119I	0.9857	pathogenic
Q07812	K119L	0.9612	pathogenic
Q07812	K119M	0.9639	pathogenic
Q07812	K119N	0.9957	pathogenic
Q07812	K119P	0.9975	pathogenic
Q07812	K119Q	0.802	pathogenic
Q07812	K119S	0.9932	pathogenic
Q07812	K119T	0.963	pathogenic
Q07812	K119V	0.9579	pathogenic
Q07812	K119W	0.9958	pathogenic
Q07812	K119Y	0.9912	pathogenic
Q07812	L120A	0.983	pathogenic
Q07812	L120C	0.9921	pathogenic
Q07812	L120D	0.9996	pathogenic
Q07812	L120E	0.9969	pathogenic
Q07812	L120F	0.963	pathogenic
Q07812	L120G	0.9955	pathogenic
Q07812	L120H	0.9968	pathogenic
Q07812	L120I	0.8252	pathogenic
Q07812	L120K	0.9943	pathogenic
Q07812	L120M	0.6371	pathogenic
Q07812	L120N	0.9966	pathogenic
Q07812	L120P	0.9994	pathogenic
Q07812	L120Q	0.9918	pathogenic
Q07812	L120R	0.9902	pathogenic
Q07812	L120S	0.9985	pathogenic
Q07812	L120T	0.9889	pathogenic
Q07812	L120V	0.8253	pathogenic
Q07812	L120W	0.993	pathogenic
Q07812	L120Y	0.9914	pathogenic
Q07812	V121A	0.8446	pathogenic
Q07812	V121C	0.9356	pathogenic
Q07812	V121D	0.9979	pathogenic
Q07812	V121E	0.9944	pathogenic
Q07812	V121F	0.9385	pathogenic
Q07812	V121G	0.8734	pathogenic
Q07812	V121H	0.9955	pathogenic
Q07812	V121K	0.9973	pathogenic
Q07812	V121L	0.9631	pathogenic
Q07812	V121M	0.9743	pathogenic
Q07812	V121N	0.9938	pathogenic
Q07812	V121P	0.9943	pathogenic
Q07812	V121Q	0.983	pathogenic
Q07812	V121R	0.9865	pathogenic
Q07812	V121S	0.8507	pathogenic
Q07812	V121T	0.8875	pathogenic
Q07812	V121W	0.9985	pathogenic
Q07812	V121Y	0.9905	pathogenic
Q07812	L122A	0.8019	pathogenic
Q07812	L122C	0.7823	pathogenic
Q07812	L122D	0.9807	pathogenic
Q07812	L122E	0.8485	pathogenic
Q07812	L122G	0.9098	pathogenic
Q07812	L122H	0.7441	pathogenic
Q07812	L122K	0.7816	pathogenic
Q07812	L122N	0.8707	pathogenic
Q07812	L122P	0.9899	pathogenic
Q07812	L122R	0.6538	pathogenic
Q07812	L122S	0.8803	pathogenic
Q07812	L122T	0.7519	pathogenic
Q07812	L122W	0.7619	pathogenic
Q07812	L122Y	0.8164	pathogenic
Q07812	K123A	0.9761	pathogenic
Q07812	K123C	0.9814	pathogenic
Q07812	K123D	0.9902	pathogenic
Q07812	K123E	0.9542	pathogenic
Q07812	K123F	0.9947	pathogenic
Q07812	K123G	0.9798	pathogenic
Q07812	K123H	0.8603	pathogenic
Q07812	K123I	0.9871	pathogenic
Q07812	K123L	0.9378	pathogenic
Q07812	K123M	0.9576	pathogenic
Q07812	K123N	0.9913	pathogenic
Q07812	K123P	0.9946	pathogenic
Q07812	K123Q	0.7397	pathogenic
Q07812	K123S	0.9894	pathogenic
Q07812	K123T	0.9458	pathogenic
Q07812	K123V	0.965	pathogenic
Q07812	K123W	0.9889	pathogenic
Q07812	K123Y	0.9803	pathogenic
Q07812	A124C	0.906	pathogenic
Q07812	A124D	0.9922	pathogenic
Q07812	A124E	0.9852	pathogenic
Q07812	A124F	0.9521	pathogenic
Q07812	A124G	0.7545	pathogenic
Q07812	A124H	0.9784	pathogenic
Q07812	A124I	0.9759	pathogenic
Q07812	A124K	0.9948	pathogenic
Q07812	A124L	0.878	pathogenic
Q07812	A124M	0.9595	pathogenic
Q07812	A124N	0.9842	pathogenic
Q07812	A124P	0.9958	pathogenic
Q07812	A124Q	0.9596	pathogenic
Q07812	A124R	0.9712	pathogenic
Q07812	A124S	0.6244	pathogenic
Q07812	A124T	0.9454	pathogenic
Q07812	A124V	0.8862	pathogenic
Q07812	A124W	0.9917	pathogenic
Q07812	A124Y	0.9632	pathogenic
Q07812	L125A	0.7184	pathogenic
Q07812	L125C	0.7787	pathogenic
Q07812	L125D	0.9843	pathogenic
Q07812	L125E	0.8884	pathogenic
Q07812	L125G	0.9309	pathogenic
Q07812	L125H	0.7392	pathogenic
Q07812	L125K	0.7461	pathogenic
Q07812	L125N	0.9052	pathogenic
Q07812	L125P	0.9854	pathogenic
Q07812	L125R	0.581	pathogenic
Q07812	L125S	0.8778	pathogenic
Q07812	L125T	0.7636	pathogenic
Q07812	L125W	0.7496	pathogenic
Q07812	L125Y	0.8019	pathogenic
Q07812	C126D	0.6557	pathogenic
Q07812	C126E	0.6561	pathogenic
Q07812	C126K	0.7286	pathogenic
Q07812	C126M	0.5765	pathogenic
Q07812	C126P	0.9823	pathogenic
Q07812	C126W	0.7078	pathogenic
Q07812	T127D	0.6391	pathogenic
Q07812	T127F	0.7419	pathogenic
Q07812	T127I	0.7801	pathogenic
Q07812	T127P	0.6851	pathogenic
Q07812	T127W	0.8458	pathogenic
Q07812	T127Y	0.7407	pathogenic
Q07812	K128A	0.6016	pathogenic
Q07812	K128C	0.8543	pathogenic
Q07812	K128D	0.5772	pathogenic
Q07812	K128F	0.9887	pathogenic
Q07812	K128I	0.9689	pathogenic
Q07812	K128L	0.8818	pathogenic
Q07812	K128M	0.8017	pathogenic
Q07812	K128P	0.8861	pathogenic
Q07812	K128T	0.5645	pathogenic
Q07812	K128V	0.9045	pathogenic
Q07812	K128W	0.9618	pathogenic
Q07812	K128Y	0.9291	pathogenic
Q07812	V129A	0.7415	pathogenic
Q07812	V129C	0.8814	pathogenic
Q07812	V129D	0.859	pathogenic
Q07812	V129E	0.6458	pathogenic
Q07812	V129G	0.7143	pathogenic
Q07812	V129H	0.8297	pathogenic
Q07812	V129K	0.7219	pathogenic
Q07812	V129N	0.7421	pathogenic
Q07812	V129P	0.9557	pathogenic
Q07812	V129Q	0.5788	pathogenic
Q07812	V129R	0.6585	pathogenic
Q07812	V129S	0.764	pathogenic
Q07812	V129T	0.7679	pathogenic
Q07812	V129W	0.9509	pathogenic
Q07812	V129Y	0.7959	pathogenic
Q07812	P130A	0.7487	pathogenic
Q07812	P130C	0.991	pathogenic
Q07812	P130D	0.9632	pathogenic
Q07812	P130E	0.9059	pathogenic
Q07812	P130F	0.9923	pathogenic
Q07812	P130G	0.8769	pathogenic
Q07812	P130H	0.889	pathogenic
Q07812	P130I	0.9814	pathogenic
Q07812	P130K	0.9172	pathogenic
Q07812	P130L	0.8793	pathogenic
Q07812	P130M	0.9747	pathogenic
Q07812	P130N	0.9539	pathogenic
Q07812	P130Q	0.8174	pathogenic
Q07812	P130R	0.8073	pathogenic
Q07812	P130S	0.828	pathogenic
Q07812	P130T	0.777	pathogenic
Q07812	P130V	0.9312	pathogenic
Q07812	P130W	0.9867	pathogenic
Q07812	P130Y	0.9852	pathogenic
Q07812	E131C	0.9484	pathogenic
Q07812	E131F	0.9463	pathogenic
Q07812	E131H	0.7028	pathogenic
Q07812	E131I	0.8414	pathogenic
Q07812	E131K	0.689	pathogenic
Q07812	E131L	0.7621	pathogenic
Q07812	E131M	0.8601	pathogenic
Q07812	E131N	0.5844	pathogenic
Q07812	E131P	0.7267	pathogenic
Q07812	E131R	0.6881	pathogenic
Q07812	E131T	0.6077	pathogenic
Q07812	E131V	0.5918	pathogenic
Q07812	E131W	0.9748	pathogenic
Q07812	E131Y	0.8945	pathogenic
Q07812	L132A	0.8721	pathogenic
Q07812	L132C	0.941	pathogenic
Q07812	L132D	0.9814	pathogenic
Q07812	L132E	0.925	pathogenic
Q07812	L132F	0.8083	pathogenic
Q07812	L132G	0.9548	pathogenic
Q07812	L132H	0.9056	pathogenic
Q07812	L132K	0.8771	pathogenic
Q07812	L132N	0.8858	pathogenic
Q07812	L132P	0.9872	pathogenic
Q07812	L132Q	0.764	pathogenic
Q07812	L132R	0.8121	pathogenic
Q07812	L132S	0.9591	pathogenic
Q07812	L132T	0.8688	pathogenic
Q07812	L132W	0.8976	pathogenic
Q07812	L132Y	0.8877	pathogenic
Q07812	I133A	0.9117	pathogenic
Q07812	I133C	0.9221	pathogenic
Q07812	I133D	0.9972	pathogenic
Q07812	I133E	0.9839	pathogenic
Q07812	I133F	0.7581	pathogenic
Q07812	I133G	0.9767	pathogenic
Q07812	I133H	0.9817	pathogenic
Q07812	I133K	0.9719	pathogenic
Q07812	I133M	0.5652	pathogenic
Q07812	I133N	0.9756	pathogenic
Q07812	I133P	0.9812	pathogenic
Q07812	I133Q	0.9406	pathogenic
Q07812	I133R	0.9369	pathogenic
Q07812	I133S	0.9399	pathogenic
Q07812	I133T	0.915	pathogenic
Q07812	I133W	0.9761	pathogenic
Q07812	I133Y	0.9547	pathogenic
Q07812	R134D	0.7648	pathogenic
Q07812	R134F	0.8638	pathogenic
Q07812	R134I	0.7269	pathogenic
Q07812	R134M	0.7045	pathogenic
Q07812	R134N	0.7193	pathogenic
Q07812	R134P	0.8386	pathogenic
Q07812	R134S	0.5772	pathogenic
Q07812	R134V	0.6455	pathogenic
Q07812	R134Y	0.7063	pathogenic
Q07812	T135C	0.8092	pathogenic
Q07812	T135D	0.7594	pathogenic
Q07812	T135E	0.8028	pathogenic
Q07812	T135F	0.9498	pathogenic
Q07812	T135G	0.6066	pathogenic
Q07812	T135H	0.7725	pathogenic
Q07812	T135I	0.8553	pathogenic
Q07812	T135K	0.7677	pathogenic
Q07812	T135L	0.6264	pathogenic
Q07812	T135P	0.7567	pathogenic
Q07812	T135Q	0.5866	pathogenic
Q07812	T135R	0.7357	pathogenic
Q07812	T135V	0.6121	pathogenic
Q07812	T135W	0.9741	pathogenic
Q07812	T135Y	0.9337	pathogenic
Q07812	I136A	0.9894	pathogenic
Q07812	I136C	0.9955	pathogenic
Q07812	I136D	0.9997	pathogenic
Q07812	I136E	0.9984	pathogenic
Q07812	I136F	0.9897	pathogenic
Q07812	I136G	0.9992	pathogenic
Q07812	I136H	0.9995	pathogenic
Q07812	I136K	0.9985	pathogenic
Q07812	I136L	0.8358	pathogenic
Q07812	I136M	0.91	pathogenic
Q07812	I136N	0.9975	pathogenic
Q07812	I136P	0.9976	pathogenic
Q07812	I136Q	0.998	pathogenic
Q07812	I136R	0.9968	pathogenic
Q07812	I136S	0.9951	pathogenic
Q07812	I136T	0.988	pathogenic
Q07812	I136W	0.9996	pathogenic
Q07812	I136Y	0.9988	pathogenic
Q07812	M137A	0.6727	pathogenic
Q07812	M137C	0.8126	pathogenic
Q07812	M137D	0.9914	pathogenic
Q07812	M137E	0.8732	pathogenic
Q07812	M137F	0.7659	pathogenic
Q07812	M137G	0.8891	pathogenic
Q07812	M137H	0.9408	pathogenic
Q07812	M137K	0.7036	pathogenic
Q07812	M137N	0.9322	pathogenic
Q07812	M137P	0.9918	pathogenic
Q07812	M137Q	0.5905	pathogenic
Q07812	M137R	0.7233	pathogenic
Q07812	M137S	0.7468	pathogenic
Q07812	M137W	0.9609	pathogenic
Q07812	M137Y	0.9556	pathogenic
Q07812	G138F	0.6913	pathogenic
Q07812	G138K	0.6354	pathogenic
Q07812	G138P	0.9914	pathogenic
Q07812	G138W	0.6389	pathogenic
Q07812	W139A	0.9973	pathogenic
Q07812	W139C	0.9981	pathogenic
Q07812	W139D	0.9992	pathogenic
Q07812	W139E	0.9992	pathogenic
Q07812	W139F	0.8838	pathogenic
Q07812	W139G	0.9911	pathogenic
Q07812	W139H	0.9962	pathogenic
Q07812	W139I	0.9978	pathogenic
Q07812	W139K	0.9999	pathogenic
Q07812	W139L	0.9876	pathogenic
Q07812	W139M	0.9977	pathogenic
Q07812	W139N	0.9991	pathogenic
Q07812	W139P	0.9998	pathogenic
Q07812	W139Q	0.9996	pathogenic
Q07812	W139R	0.9996	pathogenic
Q07812	W139S	0.9959	pathogenic
Q07812	W139T	0.9984	pathogenic
Q07812	W139V	0.9973	pathogenic
Q07812	W139Y	0.9643	pathogenic
Q07812	T140A	0.6331	pathogenic
Q07812	T140C	0.7986	pathogenic
Q07812	T140D	0.997	pathogenic
Q07812	T140E	0.9956	pathogenic
Q07812	T140F	0.9789	pathogenic
Q07812	T140G	0.8858	pathogenic
Q07812	T140H	0.9861	pathogenic
Q07812	T140I	0.9854	pathogenic
Q07812	T140K	0.996	pathogenic
Q07812	T140L	0.9177	pathogenic
Q07812	T140M	0.8617	pathogenic
Q07812	T140N	0.9746	pathogenic
Q07812	T140P	0.9832	pathogenic
Q07812	T140Q	0.9847	pathogenic
Q07812	T140R	0.9928	pathogenic
Q07812	T140S	0.7654	pathogenic
Q07812	T140V	0.836	pathogenic
Q07812	T140W	0.998	pathogenic
Q07812	T140Y	0.9908	pathogenic
Q07812	L141A	0.8038	pathogenic
Q07812	L141C	0.8522	pathogenic
Q07812	L141D	0.9906	pathogenic
Q07812	L141E	0.9125	pathogenic
Q07812	L141F	0.8477	pathogenic
Q07812	L141G	0.9059	pathogenic
Q07812	L141H	0.9086	pathogenic
Q07812	L141K	0.849	pathogenic
Q07812	L141N	0.9033	pathogenic
Q07812	L141P	0.993	pathogenic
Q07812	L141Q	0.6333	pathogenic
Q07812	L141R	0.7745	pathogenic
Q07812	L141S	0.8838	pathogenic
Q07812	L141T	0.6133	pathogenic
Q07812	L141W	0.9332	pathogenic
Q07812	L141Y	0.9567	pathogenic
Q07812	D142A	0.6034	pathogenic
Q07812	D142C	0.9612	pathogenic
Q07812	D142F	0.9613	pathogenic
Q07812	D142G	0.6779	pathogenic
Q07812	D142H	0.8198	pathogenic
Q07812	D142I	0.9306	pathogenic
Q07812	D142K	0.9407	pathogenic
Q07812	D142L	0.8686	pathogenic
Q07812	D142M	0.961	pathogenic
Q07812	D142P	0.9945	pathogenic
Q07812	D142Q	0.7484	pathogenic
Q07812	D142R	0.9155	pathogenic
Q07812	D142T	0.7077	pathogenic
Q07812	D142V	0.7861	pathogenic
Q07812	D142W	0.992	pathogenic
Q07812	D142Y	0.8353	pathogenic
Q07812	F143A	0.9977	pathogenic
Q07812	F143C	0.9858	pathogenic
Q07812	F143D	0.9988	pathogenic
Q07812	F143E	0.999	pathogenic
Q07812	F143G	0.9983	pathogenic
Q07812	F143H	0.9848	pathogenic
Q07812	F143I	0.9771	pathogenic
Q07812	F143K	0.9993	pathogenic
Q07812	F143L	0.9982	pathogenic
Q07812	F143M	0.9931	pathogenic
Q07812	F143N	0.9969	pathogenic
Q07812	F143P	0.9999	pathogenic
Q07812	F143Q	0.9984	pathogenic
Q07812	F143R	0.9971	pathogenic
Q07812	F143S	0.9967	pathogenic
Q07812	F143T	0.9957	pathogenic
Q07812	F143V	0.9509	pathogenic
Q07812	F143W	0.9243	pathogenic
Q07812	L144A	0.982	pathogenic
Q07812	L144C	0.9579	pathogenic
Q07812	L144D	0.9998	pathogenic
Q07812	L144E	0.9974	pathogenic
Q07812	L144F	0.8616	pathogenic
Q07812	L144G	0.9966	pathogenic
Q07812	L144H	0.9941	pathogenic
Q07812	L144K	0.9966	pathogenic
Q07812	L144N	0.9978	pathogenic
Q07812	L144P	0.9981	pathogenic
Q07812	L144Q	0.9814	pathogenic
Q07812	L144R	0.9924	pathogenic
Q07812	L144S	0.9949	pathogenic
Q07812	L144T	0.9779	pathogenic
Q07812	L144V	0.5921	pathogenic
Q07812	L144W	0.9891	pathogenic
Q07812	L144Y	0.9944	pathogenic
Q07812	R145A	0.8299	pathogenic
Q07812	R145C	0.6522	pathogenic
Q07812	R145D	0.9316	pathogenic
Q07812	R145F	0.9805	pathogenic
Q07812	R145G	0.5769	pathogenic
Q07812	R145I	0.9494	pathogenic
Q07812	R145L	0.845	pathogenic
Q07812	R145M	0.9088	pathogenic
Q07812	R145N	0.8958	pathogenic
Q07812	R145P	0.9877	pathogenic
Q07812	R145S	0.8246	pathogenic
Q07812	R145T	0.7556	pathogenic
Q07812	R145V	0.9211	pathogenic
Q07812	R145W	0.7217	pathogenic
Q07812	R145Y	0.9066	pathogenic
Q07812	E146A	0.5648	pathogenic
Q07812	E146C	0.9567	pathogenic
Q07812	E146F	0.9627	pathogenic
Q07812	E146H	0.7491	pathogenic
Q07812	E146I	0.9021	pathogenic
Q07812	E146K	0.7151	pathogenic
Q07812	E146L	0.8568	pathogenic
Q07812	E146M	0.9037	pathogenic
Q07812	E146P	0.9818	pathogenic
Q07812	E146R	0.7212	pathogenic
Q07812	E146T	0.6111	pathogenic
Q07812	E146V	0.7393	pathogenic
Q07812	E146W	0.98	pathogenic
Q07812	E146Y	0.9019	pathogenic
Q07812	R147A	0.8876	pathogenic
Q07812	R147C	0.5821	pathogenic
Q07812	R147D	0.7976	pathogenic
Q07812	R147F	0.9188	pathogenic
Q07812	R147G	0.5955	pathogenic
Q07812	R147I	0.8665	pathogenic
Q07812	R147L	0.797	pathogenic
Q07812	R147M	0.8548	pathogenic
Q07812	R147P	0.9663	pathogenic
Q07812	R147S	0.7675	pathogenic
Q07812	R147T	0.6705	pathogenic
Q07812	R147V	0.8368	pathogenic
Q07812	R147W	0.628	pathogenic
Q07812	R147Y	0.6521	pathogenic
Q07812	L148A	0.9577	pathogenic
Q07812	L148C	0.9093	pathogenic
Q07812	L148D	0.9989	pathogenic
Q07812	L148E	0.9945	pathogenic
Q07812	L148F	0.9553	pathogenic
Q07812	L148G	0.986	pathogenic
Q07812	L148H	0.9891	pathogenic
Q07812	L148K	0.9854	pathogenic
Q07812	L148M	0.7045	pathogenic
Q07812	L148N	0.9949	pathogenic
Q07812	L148P	0.9904	pathogenic
Q07812	L148Q	0.9832	pathogenic
Q07812	L148R	0.9731	pathogenic
Q07812	L148S	0.9948	pathogenic
Q07812	L148T	0.9536	pathogenic
Q07812	L148W	0.9918	pathogenic
Q07812	L148Y	0.9932	pathogenic
Q07812	L149A	0.6534	pathogenic
Q07812	L149C	0.8731	pathogenic
Q07812	L149D	0.9925	pathogenic
Q07812	L149E	0.9415	pathogenic
Q07812	L149F	0.8561	pathogenic
Q07812	L149G	0.908	pathogenic
Q07812	L149H	0.9133	pathogenic
Q07812	L149K	0.9099	pathogenic
Q07812	L149N	0.9428	pathogenic
Q07812	L149P	0.9628	pathogenic
Q07812	L149Q	0.7451	pathogenic
Q07812	L149R	0.8095	pathogenic
Q07812	L149S	0.8642	pathogenic
Q07812	L149T	0.6335	pathogenic
Q07812	L149W	0.9292	pathogenic
Q07812	L149Y	0.9421	pathogenic
Q07812	W151A	0.9993	pathogenic
Q07812	W151C	0.9996	pathogenic
Q07812	W151D	0.9996	pathogenic
Q07812	W151E	0.9997	pathogenic
Q07812	W151F	0.9085	pathogenic
Q07812	W151G	0.9968	pathogenic
Q07812	W151H	0.9975	pathogenic
Q07812	W151I	0.9993	pathogenic
Q07812	W151K	0.9999	pathogenic
Q07812	W151L	0.9972	pathogenic
Q07812	W151M	0.9994	pathogenic
Q07812	W151N	0.9998	pathogenic
Q07812	W151P	0.9993	pathogenic
Q07812	W151Q	0.9998	pathogenic
Q07812	W151R	0.9997	pathogenic
Q07812	W151S	0.999	pathogenic
Q07812	W151T	0.9992	pathogenic
Q07812	W151V	0.999	pathogenic
Q07812	W151Y	0.9856	pathogenic
Q07812	I152A	0.998	pathogenic
Q07812	I152C	0.9992	pathogenic
Q07812	I152D	0.9998	pathogenic
Q07812	I152E	0.9983	pathogenic
Q07812	I152F	0.9805	pathogenic
Q07812	I152G	0.9995	pathogenic
Q07812	I152H	0.9995	pathogenic
Q07812	I152K	0.9979	pathogenic
Q07812	I152L	0.7066	pathogenic
Q07812	I152M	0.8481	pathogenic
Q07812	I152N	0.9987	pathogenic
Q07812	I152P	0.9981	pathogenic
Q07812	I152Q	0.9976	pathogenic
Q07812	I152R	0.9963	pathogenic
Q07812	I152S	0.9989	pathogenic
Q07812	I152T	0.9992	pathogenic
Q07812	I152V	0.8682	pathogenic
Q07812	I152W	0.9988	pathogenic
Q07812	I152Y	0.9976	pathogenic
Q07812	Q153C	0.8862	pathogenic
Q07812	Q153D	0.9612	pathogenic
Q07812	Q153F	0.9722	pathogenic
Q07812	Q153G	0.6918	pathogenic
Q07812	Q153H	0.7322	pathogenic
Q07812	Q153I	0.7936	pathogenic
Q07812	Q153M	0.6857	pathogenic
Q07812	Q153N	0.8834	pathogenic
Q07812	Q153P	0.9823	pathogenic
Q07812	Q153S	0.6714	pathogenic
Q07812	Q153T	0.5788	pathogenic
Q07812	Q153V	0.5888	pathogenic
Q07812	Q153W	0.9499	pathogenic
Q07812	Q153Y	0.9449	pathogenic
Q07812	D154C	0.7783	pathogenic
Q07812	D154F	0.8237	pathogenic
Q07812	D154I	0.6748	pathogenic
Q07812	D154M	0.6759	pathogenic
Q07812	D154P	0.9843	pathogenic
Q07812	D154W	0.9446	pathogenic
Q07812	Q155A	0.8458	pathogenic
Q07812	Q155C	0.9664	pathogenic
Q07812	Q155D	0.9925	pathogenic
Q07812	Q155F	0.9961	pathogenic
Q07812	Q155G	0.9228	pathogenic
Q07812	Q155H	0.8517	pathogenic
Q07812	Q155I	0.9851	pathogenic
Q07812	Q155K	0.8242	pathogenic
Q07812	Q155L	0.9427	pathogenic
Q07812	Q155M	0.9264	pathogenic
Q07812	Q155N	0.7213	pathogenic
Q07812	Q155P	0.9955	pathogenic
Q07812	Q155R	0.642	pathogenic
Q07812	Q155S	0.8079	pathogenic
Q07812	Q155T	0.9258	pathogenic
Q07812	Q155V	0.9493	pathogenic
Q07812	Q155W	0.995	pathogenic
Q07812	Q155Y	0.9924	pathogenic
Q07812	G156A	0.9891	pathogenic
Q07812	G156C	0.9957	pathogenic
Q07812	G156D	0.9912	pathogenic
Q07812	G156E	0.9965	pathogenic
Q07812	G156F	0.9994	pathogenic
Q07812	G156H	0.9983	pathogenic
Q07812	G156I	0.9994	pathogenic
Q07812	G156K	0.9967	pathogenic
Q07812	G156L	0.9987	pathogenic
Q07812	G156M	0.9993	pathogenic
Q07812	G156N	0.9949	pathogenic
Q07812	G156P	0.9996	pathogenic
Q07812	G156Q	0.9949	pathogenic
Q07812	G156R	0.994	pathogenic
Q07812	G156S	0.9867	pathogenic
Q07812	G156T	0.9961	pathogenic
Q07812	G156V	0.9979	pathogenic
Q07812	G156W	0.9989	pathogenic
Q07812	G156Y	0.9985	pathogenic
Q07812	G157A	0.9956	pathogenic
Q07812	G157C	0.9975	pathogenic
Q07812	G157D	0.9977	pathogenic
Q07812	G157E	0.9993	pathogenic
Q07812	G157F	0.9988	pathogenic
Q07812	G157H	0.9994	pathogenic
Q07812	G157I	0.9995	pathogenic
Q07812	G157K	0.9993	pathogenic
Q07812	G157L	0.9989	pathogenic
Q07812	G157M	0.9997	pathogenic
Q07812	G157N	0.9986	pathogenic
Q07812	G157P	0.9996	pathogenic
Q07812	G157Q	0.999	pathogenic
Q07812	G157R	0.9976	pathogenic
Q07812	G157S	0.9917	pathogenic
Q07812	G157T	0.9979	pathogenic
Q07812	G157V	0.9991	pathogenic
Q07812	G157W	0.998	pathogenic
Q07812	G157Y	0.9986	pathogenic
Q07812	W158A	0.9991	pathogenic
Q07812	W158C	0.9999	pathogenic
Q07812	W158D	0.9993	pathogenic
Q07812	W158E	0.999	pathogenic
Q07812	W158F	0.9599	pathogenic
Q07812	W158G	0.9915	pathogenic
Q07812	W158H	0.9996	pathogenic
Q07812	W158I	0.9992	pathogenic
Q07812	W158K	0.9998	pathogenic
Q07812	W158L	0.9964	pathogenic
Q07812	W158M	0.9992	pathogenic
Q07812	W158N	0.9998	pathogenic
Q07812	W158P	0.9987	pathogenic
Q07812	W158Q	0.9998	pathogenic
Q07812	W158R	0.9997	pathogenic
Q07812	W158S	0.999	pathogenic
Q07812	W158T	0.9987	pathogenic
Q07812	W158V	0.9992	pathogenic
Q07812	W158Y	0.9949	pathogenic
Q07812	D159A	0.713	pathogenic
Q07812	D159C	0.9602	pathogenic
Q07812	D159F	0.9469	pathogenic
Q07812	D159H	0.8633	pathogenic
Q07812	D159I	0.9158	pathogenic
Q07812	D159K	0.8765	pathogenic
Q07812	D159L	0.9005	pathogenic
Q07812	D159M	0.9564	pathogenic
Q07812	D159N	0.6262	pathogenic
Q07812	D159P	0.9585	pathogenic
Q07812	D159Q	0.6999	pathogenic
Q07812	D159R	0.8423	pathogenic
Q07812	D159S	0.6659	pathogenic
Q07812	D159T	0.8063	pathogenic
Q07812	D159V	0.6585	pathogenic
Q07812	D159W	0.9761	pathogenic
Q07812	D159Y	0.8011	pathogenic
Q07812	G160A	0.7929	pathogenic
Q07812	G160C	0.9757	pathogenic
Q07812	G160D	0.9853	pathogenic
Q07812	G160E	0.9928	pathogenic
Q07812	G160F	0.9964	pathogenic
Q07812	G160H	0.9951	pathogenic
Q07812	G160I	0.9964	pathogenic
Q07812	G160K	0.9971	pathogenic
Q07812	G160L	0.9945	pathogenic
Q07812	G160M	0.997	pathogenic
Q07812	G160N	0.9857	pathogenic
Q07812	G160P	0.9995	pathogenic
Q07812	G160Q	0.9901	pathogenic
Q07812	G160R	0.9902	pathogenic
Q07812	G160S	0.8346	pathogenic
Q07812	G160T	0.9725	pathogenic
Q07812	G160V	0.9897	pathogenic
Q07812	G160W	0.9965	pathogenic
Q07812	G160Y	0.9943	pathogenic
Q07812	L161A	0.9723	pathogenic
Q07812	L161C	0.9886	pathogenic
Q07812	L161D	0.9991	pathogenic
Q07812	L161E	0.9958	pathogenic
Q07812	L161F	0.9199	pathogenic
Q07812	L161G	0.9947	pathogenic
Q07812	L161H	0.9962	pathogenic
Q07812	L161K	0.9938	pathogenic
Q07812	L161M	0.6202	pathogenic
Q07812	L161N	0.9963	pathogenic
Q07812	L161P	0.9939	pathogenic
Q07812	L161Q	0.9921	pathogenic
Q07812	L161R	0.9874	pathogenic
Q07812	L161S	0.9969	pathogenic
Q07812	L161T	0.9883	pathogenic
Q07812	L161V	0.6417	pathogenic
Q07812	L161W	0.9929	pathogenic
Q07812	L161Y	0.9937	pathogenic
Q07812	L162A	0.8349	pathogenic
Q07812	L162C	0.8573	pathogenic
Q07812	L162D	0.9847	pathogenic
Q07812	L162E	0.8621	pathogenic
Q07812	L162F	0.6798	pathogenic
Q07812	L162G	0.9399	pathogenic
Q07812	L162H	0.7833	pathogenic
Q07812	L162K	0.6708	pathogenic
Q07812	L162N	0.9142	pathogenic
Q07812	L162P	0.9718	pathogenic
Q07812	L162S	0.9224	pathogenic
Q07812	L162T	0.822	pathogenic
Q07812	L162W	0.8222	pathogenic
Q07812	L162Y	0.8314	pathogenic
Q07812	S163D	0.7445	pathogenic
Q07812	S163E	0.7843	pathogenic
Q07812	S163F	0.8408	pathogenic
Q07812	S163H	0.6628	pathogenic
Q07812	S163I	0.8738	pathogenic
Q07812	S163K	0.9461	pathogenic
Q07812	S163L	0.5645	pathogenic
Q07812	S163M	0.726	pathogenic
Q07812	S163P	0.9607	pathogenic
Q07812	S163Q	0.6903	pathogenic
Q07812	S163R	0.9005	pathogenic
Q07812	S163V	0.7656	pathogenic
Q07812	S163W	0.8183	pathogenic
Q07812	S163Y	0.7406	pathogenic
Q07812	Y164A	0.9098	pathogenic
Q07812	Y164C	0.6166	pathogenic
Q07812	Y164D	0.8995	pathogenic
Q07812	Y164E	0.9703	pathogenic
Q07812	Y164G	0.9002	pathogenic
Q07812	Y164I	0.9576	pathogenic
Q07812	Y164K	0.9758	pathogenic
Q07812	Y164L	0.909	pathogenic
Q07812	Y164M	0.9574	pathogenic
Q07812	Y164N	0.7503	pathogenic
Q07812	Y164P	0.9842	pathogenic
Q07812	Y164Q	0.9364	pathogenic
Q07812	Y164R	0.9098	pathogenic
Q07812	Y164S	0.6397	pathogenic
Q07812	Y164T	0.8409	pathogenic
Q07812	Y164V	0.8678	pathogenic
Q07812	Y164W	0.6316	pathogenic
Q07812	F165A	0.9819	pathogenic
Q07812	F165C	0.9767	pathogenic
Q07812	F165D	0.9959	pathogenic
Q07812	F165E	0.9944	pathogenic
Q07812	F165G	0.98	pathogenic
Q07812	F165H	0.9774	pathogenic
Q07812	F165I	0.9709	pathogenic
Q07812	F165K	0.9951	pathogenic
Q07812	F165L	0.9955	pathogenic
Q07812	F165M	0.9808	pathogenic
Q07812	F165N	0.9941	pathogenic
Q07812	F165P	0.9982	pathogenic
Q07812	F165Q	0.9842	pathogenic
Q07812	F165R	0.9741	pathogenic
Q07812	F165S	0.9843	pathogenic
Q07812	F165T	0.9758	pathogenic
Q07812	F165V	0.9421	pathogenic
Q07812	F165W	0.8998	pathogenic
Q07812	F165Y	0.846	pathogenic
Q07812	G166A	0.8518	pathogenic
Q07812	G166C	0.9497	pathogenic
Q07812	G166D	0.9644	pathogenic
Q07812	G166E	0.9733	pathogenic
Q07812	G166F	0.9903	pathogenic
Q07812	G166H	0.9649	pathogenic
Q07812	G166I	0.9858	pathogenic
Q07812	G166K	0.98	pathogenic
Q07812	G166L	0.9839	pathogenic
Q07812	G166M	0.9934	pathogenic
Q07812	G166N	0.9671	pathogenic
Q07812	G166P	0.9873	pathogenic
Q07812	G166Q	0.928	pathogenic
Q07812	G166R	0.9338	pathogenic
Q07812	G166S	0.7388	pathogenic
Q07812	G166T	0.931	pathogenic
Q07812	G166V	0.969	pathogenic
Q07812	G166W	0.9837	pathogenic
Q07812	G166Y	0.9862	pathogenic
Q07812	T167A	0.6038	pathogenic
Q07812	T167C	0.9352	pathogenic
Q07812	T167D	0.9235	pathogenic
Q07812	T167E	0.844	pathogenic
Q07812	T167F	0.8415	pathogenic
Q07812	T167G	0.7537	pathogenic
Q07812	T167H	0.8182	pathogenic
Q07812	T167I	0.8767	pathogenic
Q07812	T167K	0.7665	pathogenic
Q07812	T167L	0.6629	pathogenic
Q07812	T167M	0.6106	pathogenic
Q07812	T167N	0.7508	pathogenic
Q07812	T167P	0.6169	pathogenic
Q07812	T167Q	0.7063	pathogenic
Q07812	T167R	0.7623	pathogenic
Q07812	T167V	0.7333	pathogenic
Q07812	T167W	0.935	pathogenic
Q07812	T167Y	0.8833	pathogenic
Q07812	P168A	0.9028	pathogenic
Q07812	P168C	0.9975	pathogenic
Q07812	P168D	0.9921	pathogenic
Q07812	P168E	0.9863	pathogenic
Q07812	P168F	0.9975	pathogenic
Q07812	P168G	0.9775	pathogenic
Q07812	P168H	0.974	pathogenic
Q07812	P168I	0.9967	pathogenic
Q07812	P168K	0.9916	pathogenic
Q07812	P168L	0.9772	pathogenic
Q07812	P168M	0.9939	pathogenic
Q07812	P168N	0.9903	pathogenic
Q07812	P168Q	0.9674	pathogenic
Q07812	P168R	0.9685	pathogenic
Q07812	P168S	0.9467	pathogenic
Q07812	P168T	0.9497	pathogenic
Q07812	P168V	0.9835	pathogenic
Q07812	P168W	0.9966	pathogenic
Q07812	P168Y	0.9965	pathogenic
Q07812	T169C	0.9065	pathogenic
Q07812	T169D	0.9193	pathogenic
Q07812	T169E	0.9012	pathogenic
Q07812	T169F	0.8936	pathogenic
Q07812	T169H	0.743	pathogenic
Q07812	T169I	0.9271	pathogenic
Q07812	T169K	0.7314	pathogenic
Q07812	T169L	0.6495	pathogenic
Q07812	T169M	0.5993	pathogenic
Q07812	T169N	0.6252	pathogenic
Q07812	T169Q	0.6242	pathogenic
Q07812	T169R	0.6462	pathogenic
Q07812	T169V	0.7139	pathogenic
Q07812	T169W	0.9454	pathogenic
Q07812	T169Y	0.9176	pathogenic
Q07812	W170A	0.9006	pathogenic
Q07812	W170C	0.9773	pathogenic
Q07812	W170D	0.9989	pathogenic
Q07812	W170E	0.9977	pathogenic
Q07812	W170F	0.5915	pathogenic
Q07812	W170G	0.8826	pathogenic
Q07812	W170H	0.9913	pathogenic
Q07812	W170I	0.8911	pathogenic
Q07812	W170K	0.9982	pathogenic
Q07812	W170L	0.7291	pathogenic
Q07812	W170M	0.9149	pathogenic
Q07812	W170N	0.996	pathogenic
Q07812	W170P	0.974	pathogenic
Q07812	W170Q	0.997	pathogenic
Q07812	W170R	0.9945	pathogenic
Q07812	W170S	0.9336	pathogenic
Q07812	W170T	0.9394	pathogenic
Q07812	W170V	0.8172	pathogenic
Q07812	W170Y	0.8505	pathogenic
Q07812	Q171A	0.804	pathogenic
Q07812	Q171C	0.9943	pathogenic
Q07812	Q171D	0.9794	pathogenic
Q07812	Q171F	0.9909	pathogenic
Q07812	Q171G	0.8224	pathogenic
Q07812	Q171H	0.9141	pathogenic
Q07812	Q171I	0.98	pathogenic
Q07812	Q171K	0.77	pathogenic
Q07812	Q171L	0.8734	pathogenic
Q07812	Q171M	0.8938	pathogenic
Q07812	Q171N	0.9139	pathogenic
Q07812	Q171P	0.7455	pathogenic
Q07812	Q171R	0.8475	pathogenic
Q07812	Q171S	0.8066	pathogenic
Q07812	Q171T	0.8326	pathogenic
Q07812	Q171V	0.9263	pathogenic
Q07812	Q171W	0.988	pathogenic
Q07812	Q171Y	0.9856	pathogenic
Q07812	T172A	0.6646	pathogenic
Q07812	T172C	0.9719	pathogenic
Q07812	T172D	0.9811	pathogenic
Q07812	T172E	0.9738	pathogenic
Q07812	T172F	0.8689	pathogenic
Q07812	T172G	0.8096	pathogenic
Q07812	T172H	0.935	pathogenic
Q07812	T172I	0.9296	pathogenic
Q07812	T172K	0.9493	pathogenic
Q07812	T172L	0.685	pathogenic
Q07812	T172N	0.8746	pathogenic
Q07812	T172P	0.9392	pathogenic
Q07812	T172Q	0.9033	pathogenic
Q07812	T172R	0.9577	pathogenic
Q07812	T172S	0.8047	pathogenic
Q07812	T172V	0.7324	pathogenic
Q07812	T172W	0.9451	pathogenic
Q07812	T172Y	0.9237	pathogenic
Q07812	V173A	0.7147	pathogenic
Q07812	V173C	0.9026	pathogenic
Q07812	V173D	0.9981	pathogenic
Q07812	V173E	0.9939	pathogenic
Q07812	V173G	0.8306	pathogenic
Q07812	V173H	0.9964	pathogenic
Q07812	V173K	0.9953	pathogenic
Q07812	V173N	0.9936	pathogenic
Q07812	V173P	0.994	pathogenic
Q07812	V173Q	0.9898	pathogenic
Q07812	V173R	0.9901	pathogenic
Q07812	V173S	0.9448	pathogenic
Q07812	V173T	0.8641	pathogenic
Q07812	V173W	0.9727	pathogenic
Q07812	V173Y	0.9591	pathogenic
Q07812	T174C	0.5706	pathogenic
Q07812	T174D	0.9963	pathogenic
Q07812	T174E	0.9948	pathogenic
Q07812	T174F	0.6793	pathogenic
Q07812	T174H	0.9733	pathogenic
Q07812	T174I	0.8317	pathogenic
Q07812	T174K	0.9924	pathogenic
Q07812	T174N	0.9131	pathogenic
Q07812	T174P	0.9059	pathogenic
Q07812	T174Q	0.9648	pathogenic
Q07812	T174R	0.9883	pathogenic
Q07812	T174W	0.9677	pathogenic
Q07812	T174Y	0.955	pathogenic
Q07812	I175A	0.9512	pathogenic
Q07812	I175C	0.9714	pathogenic
Q07812	I175D	0.9996	pathogenic
Q07812	I175E	0.9996	pathogenic
Q07812	I175F	0.8439	pathogenic
Q07812	I175G	0.9926	pathogenic
Q07812	I175H	0.9992	pathogenic
Q07812	I175K	0.9993	pathogenic
Q07812	I175M	0.6951	pathogenic
Q07812	I175N	0.9958	pathogenic
Q07812	I175P	0.9937	pathogenic
Q07812	I175Q	0.9992	pathogenic
Q07812	I175R	0.9981	pathogenic
Q07812	I175S	0.983	pathogenic
Q07812	I175T	0.9835	pathogenic
Q07812	I175W	0.9945	pathogenic
Q07812	I175Y	0.9858	pathogenic
Q07812	F176A	0.8724	pathogenic
Q07812	F176C	0.8731	pathogenic
Q07812	F176D	0.9995	pathogenic
Q07812	F176E	0.9993	pathogenic
Q07812	F176G	0.9461	pathogenic
Q07812	F176H	0.9977	pathogenic
Q07812	F176I	0.8508	pathogenic
Q07812	F176K	0.9995	pathogenic
Q07812	F176L	0.9429	pathogenic
Q07812	F176M	0.8669	pathogenic
Q07812	F176N	0.9978	pathogenic
Q07812	F176P	0.9992	pathogenic
Q07812	F176Q	0.9976	pathogenic
Q07812	F176R	0.9981	pathogenic
Q07812	F176S	0.9664	pathogenic
Q07812	F176T	0.9238	pathogenic
Q07812	F176V	0.7412	pathogenic
Q07812	F176W	0.953	pathogenic
Q07812	F176Y	0.9351	pathogenic
Q07812	V177C	0.7762	pathogenic
Q07812	V177D	0.9991	pathogenic
Q07812	V177E	0.9976	pathogenic
Q07812	V177G	0.5777	pathogenic
Q07812	V177H	0.998	pathogenic
Q07812	V177K	0.999	pathogenic
Q07812	V177N	0.9961	pathogenic
Q07812	V177P	0.9968	pathogenic
Q07812	V177Q	0.9928	pathogenic
Q07812	V177R	0.9961	pathogenic
Q07812	V177S	0.7983	pathogenic
Q07812	V177W	0.9865	pathogenic
Q07812	V177Y	0.9845	pathogenic
Q07812	A178C	0.7995	pathogenic
Q07812	A178D	0.9995	pathogenic
Q07812	A178E	0.9993	pathogenic
Q07812	A178F	0.871	pathogenic
Q07812	A178H	0.9988	pathogenic
Q07812	A178I	0.9002	pathogenic
Q07812	A178K	0.9998	pathogenic
Q07812	A178M	0.7593	pathogenic
Q07812	A178N	0.9977	pathogenic
Q07812	A178P	0.9971	pathogenic
Q07812	A178Q	0.9968	pathogenic
Q07812	A178R	0.9989	pathogenic
Q07812	A178S	0.6001	pathogenic
Q07812	A178T	0.62	pathogenic
Q07812	A178V	0.7035	pathogenic
Q07812	A178W	0.9942	pathogenic
Q07812	A178Y	0.9939	pathogenic
Q07812	G179A	0.6834	pathogenic
Q07812	G179C	0.9531	pathogenic
Q07812	G179D	0.9996	pathogenic
Q07812	G179E	0.9994	pathogenic
Q07812	G179F	0.9823	pathogenic
Q07812	G179H	0.9998	pathogenic
Q07812	G179I	0.9672	pathogenic
Q07812	G179K	0.9998	pathogenic
Q07812	G179L	0.9715	pathogenic
Q07812	G179M	0.977	pathogenic
Q07812	G179N	0.9994	pathogenic
Q07812	G179P	0.9994	pathogenic
Q07812	G179Q	0.9992	pathogenic
Q07812	G179R	0.9995	pathogenic
Q07812	G179S	0.9016	pathogenic
Q07812	G179T	0.9052	pathogenic
Q07812	G179V	0.8894	pathogenic
Q07812	G179W	0.9916	pathogenic
Q07812	G179Y	0.9975	pathogenic
Q07812	V180A	0.8559	pathogenic
Q07812	V180C	0.911	pathogenic
Q07812	V180D	0.9983	pathogenic
Q07812	V180E	0.9952	pathogenic
Q07812	V180F	0.5867	pathogenic
Q07812	V180G	0.8571	pathogenic
Q07812	V180H	0.998	pathogenic
Q07812	V180K	0.998	pathogenic
Q07812	V180L	0.6413	pathogenic
Q07812	V180M	0.6413	pathogenic
Q07812	V180N	0.9925	pathogenic
Q07812	V180P	0.9976	pathogenic
Q07812	V180Q	0.9935	pathogenic
Q07812	V180R	0.9954	pathogenic
Q07812	V180S	0.9364	pathogenic
Q07812	V180T	0.898	pathogenic
Q07812	V180W	0.9882	pathogenic
Q07812	V180Y	0.9818	pathogenic
Q07812	L181A	0.6695	pathogenic
Q07812	L181C	0.7538	pathogenic
Q07812	L181D	0.9998	pathogenic
Q07812	L181E	0.9988	pathogenic
Q07812	L181G	0.9167	pathogenic
Q07812	L181H	0.9974	pathogenic
Q07812	L181K	0.9989	pathogenic
Q07812	L181N	0.9982	pathogenic
Q07812	L181P	0.9973	pathogenic
Q07812	L181Q	0.9929	pathogenic
Q07812	L181R	0.9963	pathogenic
Q07812	L181S	0.9665	pathogenic
Q07812	L181T	0.8887	pathogenic
Q07812	L181W	0.9729	pathogenic
Q07812	L181Y	0.9897	pathogenic
Q07812	T182C	0.8694	pathogenic
Q07812	T182D	0.9992	pathogenic
Q07812	T182E	0.9987	pathogenic
Q07812	T182F	0.8605	pathogenic
Q07812	T182G	0.8199	pathogenic
Q07812	T182H	0.9934	pathogenic
Q07812	T182I	0.8285	pathogenic
Q07812	T182K	0.997	pathogenic
Q07812	T182L	0.6691	pathogenic
Q07812	T182M	0.5846	pathogenic
Q07812	T182N	0.9913	pathogenic
Q07812	T182P	0.9493	pathogenic
Q07812	T182Q	0.9929	pathogenic
Q07812	T182R	0.9957	pathogenic
Q07812	T182S	0.8294	pathogenic
Q07812	T182V	0.5851	pathogenic
Q07812	T182W	0.9875	pathogenic
Q07812	T182Y	0.9883	pathogenic
Q07812	A183C	0.8424	pathogenic
Q07812	A183D	0.9992	pathogenic
Q07812	A183E	0.9987	pathogenic
Q07812	A183F	0.7774	pathogenic
Q07812	A183H	0.9961	pathogenic
Q07812	A183I	0.8894	pathogenic
Q07812	A183K	0.9994	pathogenic
Q07812	A183L	0.6722	pathogenic
Q07812	A183M	0.7847	pathogenic
Q07812	A183N	0.996	pathogenic
Q07812	A183P	0.9972	pathogenic
Q07812	A183Q	0.9936	pathogenic
Q07812	A183R	0.9971	pathogenic
Q07812	A183V	0.6055	pathogenic
Q07812	A183W	0.9843	pathogenic
Q07812	A183Y	0.9739	pathogenic
Q07812	S184D	0.9982	pathogenic
Q07812	S184E	0.9973	pathogenic
Q07812	S184F	0.6975	pathogenic
Q07812	S184H	0.9855	pathogenic
Q07812	S184I	0.709	pathogenic
Q07812	S184K	0.9995	pathogenic
Q07812	S184N	0.9584	pathogenic
Q07812	S184P	0.9867	pathogenic
Q07812	S184Q	0.9897	pathogenic
Q07812	S184R	0.999	pathogenic
Q07812	S184W	0.9143	pathogenic
Q07812	S184Y	0.9189	pathogenic
Q07812	L185A	0.721	pathogenic
Q07812	L185C	0.8089	pathogenic
Q07812	L185D	0.9994	pathogenic
Q07812	L185E	0.9965	pathogenic
Q07812	L185G	0.9445	pathogenic
Q07812	L185H	0.9853	pathogenic
Q07812	L185K	0.9934	pathogenic
Q07812	L185N	0.9948	pathogenic
Q07812	L185P	0.9922	pathogenic
Q07812	L185Q	0.9769	pathogenic
Q07812	L185R	0.9779	pathogenic
Q07812	L185S	0.9639	pathogenic
Q07812	L185T	0.8988	pathogenic
Q07812	L185W	0.7771	pathogenic
Q07812	L185Y	0.9025	pathogenic
Q07812	T186C	0.6468	pathogenic
Q07812	T186D	0.991	pathogenic
Q07812	T186E	0.9829	pathogenic
Q07812	T186H	0.8526	pathogenic
Q07812	T186I	0.7642	pathogenic
Q07812	T186K	0.9608	pathogenic
Q07812	T186N	0.8471	pathogenic
Q07812	T186P	0.872	pathogenic
Q07812	T186Q	0.8905	pathogenic
Q07812	T186R	0.9332	pathogenic
Q07812	T186W	0.8605	pathogenic
Q07812	T186Y	0.7428	pathogenic
Q07812	I187A	0.7542	pathogenic
Q07812	I187C	0.8551	pathogenic
Q07812	I187D	0.9933	pathogenic
Q07812	I187E	0.986	pathogenic
Q07812	I187G	0.9326	pathogenic
Q07812	I187H	0.9419	pathogenic
Q07812	I187K	0.9745	pathogenic
Q07812	I187N	0.9347	pathogenic
Q07812	I187P	0.9821	pathogenic
Q07812	I187Q	0.951	pathogenic
Q07812	I187R	0.927	pathogenic
Q07812	I187S	0.8621	pathogenic
Q07812	I187T	0.9116	pathogenic
Q07812	I187W	0.7929	pathogenic
Q07812	I187Y	0.5796	pathogenic
Q07812	W188A	0.7695	pathogenic
Q07812	W188C	0.8183	pathogenic
Q07812	W188D	0.9875	pathogenic
Q07812	W188E	0.9771	pathogenic
Q07812	W188G	0.622	pathogenic
Q07812	W188H	0.8702	pathogenic
Q07812	W188I	0.7962	pathogenic
Q07812	W188K	0.9554	pathogenic
Q07812	W188L	0.59	pathogenic
Q07812	W188M	0.8193	pathogenic
Q07812	W188N	0.9632	pathogenic
Q07812	W188P	0.982	pathogenic
Q07812	W188Q	0.9	pathogenic
Q07812	W188R	0.8617	pathogenic
Q07812	W188S	0.7541	pathogenic
Q07812	W188T	0.8073	pathogenic
Q07812	W188V	0.7333	pathogenic
Q07812	K189A	0.8237	pathogenic
Q07812	K189C	0.9116	pathogenic
Q07812	K189D	0.9277	pathogenic
Q07812	K189E	0.6849	pathogenic
Q07812	K189F	0.9261	pathogenic
Q07812	K189G	0.5823	pathogenic
Q07812	K189H	0.5704	pathogenic
Q07812	K189I	0.879	pathogenic
Q07812	K189L	0.7544	pathogenic
Q07812	K189M	0.7833	pathogenic
Q07812	K189N	0.8567	pathogenic
Q07812	K189P	0.8584	pathogenic
Q07812	K189S	0.8293	pathogenic
Q07812	K189T	0.7689	pathogenic
Q07812	K189V	0.8278	pathogenic
Q07812	K189W	0.8351	pathogenic
Q07812	K189Y	0.8354	pathogenic
Q07812	K190C	0.6501	pathogenic
Q07812	K190F	0.6144	pathogenic
Q07812	K190W	0.6376	pathogenic
Q07812	M191D	0.6447	pathogenic
Q07812	G192F	0.5761	pathogenic
Q07812	G192K	0.6541	pathogenic
Q07812	G192M	0.616	pathogenic
